<?xml version="1.0" encoding="UTF-8"?><MDFe><infMDFe Id="MDFe41140581452880000139580010000000281611743166" versao="1.00"><ide><cUF>41</cUF><tpAmb>2</tpAmb><tpEmit>1</tpEmit><mod>58</mod><serie>1</serie><nMDF>28</nMDF><cMDF>61174316</cMDF><cDV>6</cDV><modal>1</modal><dhEmi>2014-05-15T14:45:30</dhEmi><tpEmis>1</tpEmis><procEmi>0</procEmi><verProc>1.6</verProc><UFIni>PR</UFIni><UFFim>PR</UFFim><infMunCarrega><cMunCarrega>4127700</cMunCarrega><xMunCarrega>TOLEDO</xMunCarrega></infMunCarrega></ide><emit><CNPJ>81452880000139</CNPJ><IE>3280006873</IE><xNome>COMERCIO E TRANSPORTES WESSLING LTDA</xNome><xFant>COMERCIO E TRANSPORTES WESSLING LTDA</xFant><enderEmit><xLgr>AV. JOAQUIM BONETTI</xLgr><nro>985</nro><xCpl>SALA 201</xCpl><xBairro>CENTRO</xBairro><cMun>4107405</cMun><xMun>ENEAS MARQUES</xMun><CEP>85630000</CEP><UF>PR</UF><fone>004635441252</fone></enderEmit></emit><infModal versaoModal="1.00"><rodo><RNTRC>01263488</RNTRC><veicTracao><cInt>6</cInt><placa>ARU7174</placa><tara>100000</tara><capKG>280000</capKG><capM3>840</capM3><condutor><xNome>ADAO JERRY BITENCOURT</xNome><CPF>79341373972</CPF></condutor><tpRod>01</tpRod><tpCar>00</tpCar><UF>PR</UF></veicTracao><veicReboque><cInt>7</cInt><placa>AMG5790</placa><tara>100000</tara><capKG>280000</capKG><capM3>840</capM3><prop><CNPJ>02044016000121</CNPJ><RNTRC>23132132</RNTRC><xNome>COMERCIO E TRANSPORTES LUDALEX LTDA</xNome><IE>9013797266</IE><UF>PR</UF><tpProp>0</tpProp></prop><tpCar>00</tpCar><UF>PR</UF></veicReboque><veicReboque><cInt>7</cInt><placa>AMG5790</placa><tara>100000</tara><capKG>280000</capKG><capM3>840</capM3><prop><CNPJ>02044016000121</CNPJ><RNTRC>23132132</RNTRC><xNome>COMERCIO E TRANSPORTES LUDALEX LTDA</xNome><IE>9013797266</IE><UF>PR</UF><tpProp>0</tpProp></prop><tpCar>00</tpCar><UF>PR</UF></veicReboque><veicReboque><cInt>7</cInt><placa>AMG5790</placa><tara>100000</tara><capKG>280000</capKG><capM3>840</capM3><prop><CNPJ>02044016000121</CNPJ><RNTRC>23132132</RNTRC><xNome>COMERCIO E TRANSPORTES LUDALEX LTDA</xNome><IE>9013797266</IE><UF>PR</UF><tpProp>0</tpProp></prop><tpCar>00</tpCar><UF>PR</UF></veicReboque></rodo></infModal><infDoc><infMunDescarga><cMunDescarga>4114609</cMunDescarga><xMunDescarga>MARECHAL CANDIDO RONDON</xMunDescarga><infCTe><chCTe>41130181452880000139570010000018971536074822</chCTe></infCTe></infMunDescarga></infDoc><tot><qCT>1</qCT><qCTe>1</qCTe><vCarga>1000.00</vCarga><cUnid>01</cUnid><qCarga>1129.9400</qCarga></tot></infMDFe><Signature xmlns="http://www.w3.org/2000/09/xmldsig#"><SignedInfo><CanonicalizationMethod Algorithm="http://www.w3.org/TR/2001/REC-xml-c14n-20010315"/><SignatureMethod Algorithm="http://www.w3.org/2000/09/xmldsig#rsa-sha1"/><Reference URI="#MDFe41140581452880000139580010000000281611743166"><Transforms><Transform Algorithm="http://www.w3.org/2000/09/xmldsig#enveloped-signature"/><Transform Algorithm="http://www.w3.org/TR/2001/REC-xml-c14n-20010315"/></Transforms><DigestMethod Algorithm="http://www.w3.org/2000/09/xmldsig#sha1"/><DigestValue>j8jgOj7kbe+raH3vxsykNXdCpf0=</DigestValue></Reference></SignedInfo><SignatureValue>t/wOfIb+P/9EU5Y7z+gBIBeLM2iBXo2QVAYn8Sd9r16b/eyfKCPQx6Y+1YyAt4duGIDNf5pRO/5q&#xD;
kunx1OsfF4V8+7Xg+wvCdvQnsJoKA0ueb/JGyHGFdZvvFPPsxA7Wfd9yjw1IrQo1RD6D3OTC1Ego&#xD;
DADNxMv0+42trcNnar7kMtH+VjFDACAz4xuZ4vsHvrkr2a/cRmjJhUal0tUIQ8VxhVI3KTGg5Y8R&#xD;
u4AE2bherWE3qC8qvT7D7p/RI187hin6l3Z3o4eCnZ+0a9wtjV9XfWYk5TuF1p01U7F8DQWQbHeX&#xD;
nlsafVWcaTxzqLfkSyVxgDZo1AfMGTXdGutodw==</SignatureValue><KeyInfo><X509Data><X509Certificate>MIIIRzCCBi+gAwIBAgIQI+J/DSLsRibGUIecHeP1FDANBgkqhkiG9w0BAQsFADB4MQswCQYDVQQG&#xD;
EwJCUjETMBEGA1UEChMKSUNQLUJyYXNpbDE2MDQGA1UECxMtU2VjcmV0YXJpYSBkYSBSZWNlaXRh&#xD;
IEZlZGVyYWwgZG8gQnJhc2lsIC0gUkZCMRwwGgYDVQQDExNBQyBDZXJ0aXNpZ24gUkZCIEc0MB4X&#xD;
DTEzMDgzMDAwMDAwMFoXDTE0MDgyOTIzNTk1OVowgfkxCzAJBgNVBAYTAkJSMRMwEQYDVQQKFApJ&#xD;
Q1AtQnJhc2lsMQswCQYDVQQIEwJQUjEWMBQGA1UEBxQNRU5FQVMgTUFSUVVFUzE2MDQGA1UECxQt&#xD;
U2VjcmV0YXJpYSBkYSBSZWNlaXRhIEZlZGVyYWwgZG8gQnJhc2lsIC0gUkZCMRYwFAYDVQQLFA1S&#xD;
RkIgZS1DTlBKIEExMSIwIAYDVQQLFBlBdXRlbnRpY2FkbyBwb3IgQVIgRkFDSUFQMTwwOgYDVQQD&#xD;
EzNDT01FUkNJTyBFIFRSQU5TUE9SVEVTIFdFU1NMSU5HIExUREE6ODE0NTI4ODAwMDAxMzkwggEi&#xD;
MA0GCSqGSIb3DQEBAQUAA4IBDwAwggEKAoIBAQC4VuZzN7ur9C7d08YkbtQL2l1f0JcJ6AAXreu0&#xD;
RvKAl3bvGdaKeIvValnjxaDPmgPmLUVK9gpFuHKr49BJNCyQwrRWIjVXczKa2pJp+2t09al95RSt&#xD;
PAd/wc+MmChxL/aScejRiyyPWoR0boYHo09V/Raz5y8ZgkDYEaHLVIgEdJvjk+HQZfxXGjlkqrEv&#xD;
DaBJq5+3d92oJnfa30CVKUN+lRv7dvZrD6vleJHy3tBvW+WExRsmZEH/Z3tcO0dXcxXq6DJJRXNo&#xD;
tob5nogY8/yP88DJdL2U+fxL3RLdLms4o5qTSwMFPA/cYQEFfndtnLlHaCD1ATJZBNJ0RAbJp24H&#xD;
AgMBAAGjggNJMIIDRTCBrgYDVR0RBIGmMIGjoDgGBWBMAQMEoC8ELTE5MDcxOTY1NTQ1OTgxNTA5&#xD;
NjMwMDAwMDAwMDAwMDAwMDAwMDAwMDAwMDAwMKAaBgVgTAEDAqARBA9BTkVTSU8gV0VTU0xJTkeg&#xD;
GQYFYEwBAwOgEAQOODE0NTI4ODAwMDAxMzmgFwYFYEwBAwegDgQMMDAwMDAwMDAwMDAwgRduYXJj&#xD;
aXpvQG5ldGNvbnRhLmNvbS5icjAJBgNVHRMEAjAAMB8GA1UdIwQYMBaAFC6R6tZt5bJZgtw4hSl2&#xD;
NBZWPNA+MA4GA1UdDwEB/wQEAwIF4DB/BgNVHSAEeDB2MHQGBmBMAQIBDDBqMGgGCCsGAQUFBwIB&#xD;
FlxodHRwOi8vaWNwLWJyYXNpbC5jZXJ0aXNpZ24uY29tLmJyL3JlcG9zaXRvcmlvL2RwYy9BQ19D&#xD;
ZXJ0aXNpZ25fUkZCL0RQQ19BQ19DZXJ0aXNpZ25fUkZCLnBkZjCCARYGA1UdHwSCAQ0wggEJMFeg&#xD;
VaBThlFodHRwOi8vaWNwLWJyYXNpbC5jZXJ0aXNpZ24uY29tLmJyL3JlcG9zaXRvcmlvL2xjci9B&#xD;
Q0NlcnRpc2lnblJGQkc0L0xhdGVzdENSTC5jcmwwVqBUoFKGUGh0dHA6Ly9pY3AtYnJhc2lsLm91&#xD;
dHJhbGNyLmNvbS5ici9yZXBvc2l0b3Jpby9sY3IvQUNDZXJ0aXNpZ25SRkJHNC9MYXRlc3RDUkwu&#xD;
Y3JsMFagVKBShlBodHRwOi8vcmVwb3NpdG9yaW8uaWNwYnJhc2lsLmdvdi5ici9sY3IvQ2VydGlz&#xD;
aWduL0FDQ2VydGlzaWduUkZCRzQvTGF0ZXN0Q1JMLmNybDAdBgNVHSUEFjAUBggrBgEFBQcDAgYI&#xD;
KwYBBQUHAwQwgZsGCCsGAQUFBwEBBIGOMIGLMF8GCCsGAQUFBzAChlNodHRwOi8vaWNwLWJyYXNp&#xD;
bC5jZXJ0aXNpZ24uY29tLmJyL3JlcG9zaXRvcmlvL2NlcnRpZmljYWRvcy9BQ19DZXJ0aXNpZ25f&#xD;
UkZCX0c0LnA3YzAoBggrBgEFBQcwAYYcaHR0cDovL29jc3AuY2VydGlzaWduLmNvbS5icjANBgkq&#xD;
hkiG9w0BAQsFAAOCAgEAr7qKXkwX+5FjNn8uEAZtgm7UbuV2KYuysuNPWX5wbcQ1uZDF8U97FD/I&#xD;
Tzawd8Ij5Z+WPFO6OATjmONOATBdP9zUm/kchNAAtWwuUEZXhogj0xXVTWoal9un/sAuzosTrgQw&#xD;
EFuhQ1AUwJqMSdCQngmsJ1uf+uuXyWQYiI3owhCgZIpX0I/NFbOm9Y2q2bUlhKYrw/j0P6Wr+nwT&#xD;
dTaZT+W+Qh22w4/6IrA1/gVa9xzum3sb2OtdSskI7mlLUJaKbIvsLScYHZJcW+z5ErHeixYFd5x6&#xD;
0I+LpgNn6AefIS03d/ye5fSC8vtNrcbDSa0Y6jRIh21o3UzMwtVJOWVzh4vO0oPIBEyM34l7NC2V&#xD;
U/3pTqL71zzAmujz+lisKwDscc8SgQ8u6627WeKlojf/+ohb8xteaW53488DvgjD9f0MYlrkfHud&#xD;
tgraK+LCaWIEQ6q9hTItVPcHr8Oa86OAkhNFJ662JrZf9uhfFarmgq6pKzjzcaY1sRNR9Ht/WIMP&#xD;
yCUlaXkr9lxPy4kFGHZI1/sZmdqrYvtcl73kaKuM9+Se8izWv3JCFr+6ZxwYo24V3v4hOrdubfAs&#xD;
1veoGaaElrCgiTTAMk0EaDA0Eu7mvcYdujjNhhidAPBh1MmfFCxDwK4XfzqA5dmf2RkguqxWURmL&#xD;
+ro4zJHUUKdF+bQ52y0=</X509Certificate></X509Data></KeyInfo></Signature></MDFe>