<?xml version="1.0" encoding="utf-8"?><root><pesquisa num="1"><soap:Envelope xmlns:soap="http://www.w3.org/2003/05/soap-envelope" xmlns:xsi="http://www.w3.org/2001/XMLSchema-instance" xmlns:xsd="http://www.w3.org/2001/XMLSchema"><soap:Body><nfeConsultaNFDestResult xmlns="http://www.portalfiscal.inf.br/nfe/wsdl/NfeConsultaDest"><retConsNFeDest xmlns="http://www.portalfiscal.inf.br/nfe" versao="1.01"><tpAmb>1</tpAmb><verAplic>1.1.0</verAplic><cStat>137</cStat><xMotivo>Nenhum documento localizado para o destinatario</xMotivo><dhResp>2014-03-14T14:20:14</dhResp><indCont>1</indCont><ultNSU>9346882232</ultNSU></retConsNFeDest></nfeConsultaNFDestResult></soap:Body></soap:Envelope></pesquisa><pesquisa num="2"><soap:Envelope xmlns:soap="http://www.w3.org/2003/05/soap-envelope" xmlns:xsi="http://www.w3.org/2001/XMLSchema-instance" xmlns:xsd="http://www.w3.org/2001/XMLSchema"><soap:Body><nfeConsultaNFDestResult xmlns="http://www.portalfiscal.inf.br/nfe/wsdl/NfeConsultaDest"><retConsNFeDest xmlns="http://www.portalfiscal.inf.br/nfe" versao="1.01"><tpAmb>1</tpAmb><verAplic>1.1.0</verAplic><cStat>138</cStat><xMotivo>Documento localizado para o destinatario</xMotivo><dhResp>2014-03-14T14:20:20</dhResp><indCont>1</indCont><ultNSU>9347382232</ultNSU><ret><resNFe NSU="9347000475"><chNFe>35140312356624000125550010000050161193679250</chNFe><CNPJ>12356624000125</CNPJ><xNome>NR2 INDUSTRIA COMERCIO E IMPORTACAO LTDA</xNome><IE>147380900110</IE><dEmi>2014-03-10</dEmi><tpNF>1</tpNF><vNF>532.20</vNF><digVal>SynJmX1ZE3eOib/RDUMuc/5yEwA=</digVal><dhRecbto>2014-03-10T08:54:11</dhRecbto><cSitNFe>1</cSitNFe><cSitConf>0</cSitConf></resNFe></ret><ret><resNFe NSU="9347213189"><chNFe>35140311290482000188550010000078171000301003</chNFe><CNPJ>11290482000188</CNPJ><xNome>MAVELLO TEXTIL INDUSTRIA E COMERCIO DE MALHAS LTDA</xNome><IE>148870628115</IE><dEmi>2014-03-10</dEmi><tpNF>1</tpNF><vNF>1786.55</vNF><digVal>tgOEdrgHIIr9+VZLNZ0M/psOod4=</digVal><dhRecbto>2014-03-10T09:10:01</dhRecbto><cSitNFe>1</cSitNFe><cSitConf>0</cSitConf></resNFe></ret><ret><resNFe NSU="9347223755"><chNFe>35140311290482000188550010000078181004003900</chNFe><CNPJ>11290482000188</CNPJ><xNome>MAVELLO TEXTIL INDUSTRIA E COMERCIO DE MALHAS LTDA</xNome><IE>148870628115</IE><dEmi>2014-03-10</dEmi><tpNF>1</tpNF><vNF>5965.09</vNF><digVal>IdZ51pokGS+B4urVY9aJRasIFj8=</digVal><dhRecbto>2014-03-10T09:10:56</dhRecbto><cSitNFe>1</cSitNFe><cSitConf>0</cSitConf></resNFe></ret><ret><resNFe NSU="9347300610"><chNFe>35140311290482000188550010000078191002300009</chNFe><CNPJ>11290482000188</CNPJ><xNome>MAVELLO TEXTIL INDUSTRIA E COMERCIO DE MALHAS LTDA</xNome><IE>148870628115</IE><dEmi>2014-03-10</dEmi><tpNF>1</tpNF><vNF>724.49</vNF><digVal>AlfJHgBzJzroR1MLEz+MnxkIEL4=</digVal><dhRecbto>2014-03-10T09:18:36</dhRecbto><cSitNFe>1</cSitNFe><cSitConf>0</cSitConf></resNFe></ret><ret><resNFe NSU="9347306884"><chNFe>35140311290482000188550010000078201453062405</chNFe><CNPJ>11290482000188</CNPJ><xNome>MAVELLO TEXTIL INDUSTRIA E COMERCIO DE MALHAS LTDA</xNome><IE>148870628115</IE><dEmi>2014-03-10</dEmi><tpNF>1</tpNF><vNF>2201.34</vNF><digVal>GqQcs1tQvJ8YMsuOIupsoViDXAA=</digVal><dhRecbto>2014-03-10T09:19:13</dhRecbto><cSitNFe>1</cSitNFe><cSitConf>0</cSitConf></resNFe></ret></retConsNFeDest></nfeConsultaNFDestResult></soap:Body></soap:Envelope></pesquisa><pesquisa num="3"><soap:Envelope xmlns:soap="http://www.w3.org/2003/05/soap-envelope" xmlns:xsi="http://www.w3.org/2001/XMLSchema-instance" xmlns:xsd="http://www.w3.org/2001/XMLSchema"><soap:Body><nfeConsultaNFDestResult xmlns="http://www.portalfiscal.inf.br/nfe/wsdl/NfeConsultaDest"><retConsNFeDest xmlns="http://www.portalfiscal.inf.br/nfe" versao="1.01"><tpAmb>1</tpAmb><verAplic>1.1.0</verAplic><cStat>137</cStat><xMotivo>Nenhum documento localizado para o destinatario</xMotivo><dhResp>2014-03-14T14:20:25</dhResp><indCont>1</indCont><ultNSU>9347806884</ultNSU></retConsNFeDest></nfeConsultaNFDestResult></soap:Body></soap:Envelope></pesquisa><pesquisa num="4"><soap:Envelope xmlns:soap="http://www.w3.org/2003/05/soap-envelope" xmlns:xsi="http://www.w3.org/2001/XMLSchema-instance" xmlns:xsd="http://www.w3.org/2001/XMLSchema"><soap:Body><nfeConsultaNFDestResult xmlns="http://www.portalfiscal.inf.br/nfe/wsdl/NfeConsultaDest"><retConsNFeDest xmlns="http://www.portalfiscal.inf.br/nfe" versao="1.01"><tpAmb>1</tpAmb><verAplic>1.1.0</verAplic><cStat>138</cStat><xMotivo>Documento localizado para o destinatario</xMotivo><dhResp>2014-03-14T14:20:31</dhResp><indCont>1</indCont><ultNSU>9348306884</ultNSU><ret><resNFe NSU="9348046777"><chNFe>35140317773147000117550010000002141000100084</chNFe><CNPJ>17773147000117</CNPJ><xNome>ADILSON NORBIATO TECIDOS - ME</xNome><IE>142200151111</IE><dEmi>2014-03-10</dEmi><tpNF>1</tpNF><vNF>25865.94</vNF><digVal>px+qybuWFpF6kakpQ86TpUVoYpc=</digVal><dhRecbto>2014-03-10T10:17:08</dhRecbto><cSitNFe>1</cSitNFe><cSitConf>0</cSitConf></resNFe></ret></retConsNFeDest></nfeConsultaNFDestResult></soap:Body></soap:Envelope></pesquisa><pesquisa num="5"><soap:Envelope xmlns:soap="http://www.w3.org/2003/05/soap-envelope" xmlns:xsi="http://www.w3.org/2001/XMLSchema-instance" xmlns:xsd="http://www.w3.org/2001/XMLSchema"><soap:Body><nfeConsultaNFDestResult xmlns="http://www.portalfiscal.inf.br/nfe/wsdl/NfeConsultaDest"><retConsNFeDest xmlns="http://www.portalfiscal.inf.br/nfe" versao="1.01"><tpAmb>1</tpAmb><verAplic>1.1.0</verAplic><cStat>137</cStat><xMotivo>Nenhum documento localizado para o destinatario</xMotivo><dhResp>2014-03-14T14:20:36</dhResp><indCont>1</indCont><ultNSU>9348546777</ultNSU></retConsNFeDest></nfeConsultaNFDestResult></soap:Body></soap:Envelope></pesquisa><pesquisa num="6"><soap:Envelope xmlns:soap="http://www.w3.org/2003/05/soap-envelope" xmlns:xsi="http://www.w3.org/2001/XMLSchema-instance" xmlns:xsd="http://www.w3.org/2001/XMLSchema"><soap:Body><nfeConsultaNFDestResult xmlns="http://www.portalfiscal.inf.br/nfe/wsdl/NfeConsultaDest"><retConsNFeDest xmlns="http://www.portalfiscal.inf.br/nfe" versao="1.01"><tpAmb>1</tpAmb><verAplic>1.1.0</verAplic><cStat>137</cStat><xMotivo>Nenhum documento localizado para o destinatario</xMotivo><dhResp>2014-03-14T14:20:42</dhResp><indCont>1</indCont><ultNSU>9349046777</ultNSU></retConsNFeDest></nfeConsultaNFDestResult></soap:Body></soap:Envelope></pesquisa><pesquisa num="7"><soap:Envelope xmlns:soap="http://www.w3.org/2003/05/soap-envelope" xmlns:xsi="http://www.w3.org/2001/XMLSchema-instance" xmlns:xsd="http://www.w3.org/2001/XMLSchema"><soap:Body><nfeConsultaNFDestResult xmlns="http://www.portalfiscal.inf.br/nfe/wsdl/NfeConsultaDest"><retConsNFeDest xmlns="http://www.portalfiscal.inf.br/nfe" versao="1.01"><tpAmb>1</tpAmb><verAplic>1.1.0</verAplic><cStat>138</cStat><xMotivo>Documento localizado para o destinatario</xMotivo><dhResp>2014-03-14T14:20:47</dhResp><indCont>1</indCont><ultNSU>9349546777</ultNSU><ret><resNFe NSU="9349265731"><chNFe>35140315179682002324550010000779281962972041</chNFe><CNPJ>15179682002324</CNPJ><xNome>RHODIA POLIAMIDA E ESPECIALIDADES L</xNome><IE>392000706118</IE><dEmi>2014-03-10</dEmi><tpNF>1</tpNF><vNF>51458.85</vNF><digVal>nEi9VbPWz/eiWackyRfMeQ338MQ=</digVal><dhRecbto>2014-03-10T11:37:21</dhRecbto><cSitNFe>1</cSitNFe><cSitConf>0</cSitConf></resNFe></ret><ret><resNFe NSU="9349289366"><chNFe>35140315179682002324550010000779301965917953</chNFe><CNPJ>15179682002324</CNPJ><xNome>RHODIA POLIAMIDA E ESPECIALIDADES L</xNome><IE>392000706118</IE><dEmi>2014-03-10</dEmi><tpNF>1</tpNF><vNF>17313.08</vNF><digVal>KGio5LJatV6cCdc+H87QzosUOwM=</digVal><dhRecbto>2014-03-10T11:40:21</dhRecbto><cSitNFe>1</cSitNFe><cSitConf>0</cSitConf></resNFe></ret></retConsNFeDest></nfeConsultaNFDestResult></soap:Body></soap:Envelope></pesquisa><pesquisa num="8"><soap:Envelope xmlns:soap="http://www.w3.org/2003/05/soap-envelope" xmlns:xsi="http://www.w3.org/2001/XMLSchema-instance" xmlns:xsd="http://www.w3.org/2001/XMLSchema"><soap:Body><nfeConsultaNFDestResult xmlns="http://www.portalfiscal.inf.br/nfe/wsdl/NfeConsultaDest"><retConsNFeDest xmlns="http://www.portalfiscal.inf.br/nfe" versao="1.01"><tpAmb>1</tpAmb><verAplic>1.1.0</verAplic><cStat>138</cStat><xMotivo>Documento localizado para o destinatario</xMotivo><dhResp>2014-03-14T14:20:53</dhResp><indCont>1</indCont><ultNSU>9349789366</ultNSU><ret><resNFe NSU="9349663557"><chNFe>35140343651066000154550000000181061125642107</chNFe><CNPJ>43651066000154</CNPJ><xNome>SEIREN DO BRASIL INDUSTRIA TEXTIL LTDA</xNome><IE>669063034115</IE><dEmi>2014-03-10</dEmi><tpNF>1</tpNF><vNF>4972.02</vNF><digVal>M+7CE4utZ3Ni1jODHFK3kVNo0Sg=</digVal><dhRecbto>2014-03-10T12:55:08</dhRecbto><cSitNFe>1</cSitNFe><cSitConf>0</cSitConf></resNFe></ret><ret><resNFe NSU="9349665958"><chNFe>35140343651066000154550000000181041125642102</chNFe><CNPJ>43651066000154</CNPJ><xNome>SEIREN DO BRASIL INDUSTRIA TEXTIL LTDA</xNome><IE>669063034115</IE><dEmi>2014-03-10</dEmi><tpNF>1</tpNF><vNF>57975.85</vNF><digVal>VmZx05BtmdvAKFpp2MKQpe9Co5I=</digVal><dhRecbto>2014-03-10T12:55:04</dhRecbto><cSitNFe>1</cSitNFe><cSitConf>0</cSitConf></resNFe></ret><ret><resNFe NSU="9349665975"><chNFe>35140343651066000154550000000181051125642100</chNFe><CNPJ>43651066000154</CNPJ><xNome>SEIREN DO BRASIL INDUSTRIA TEXTIL LTDA</xNome><IE>669063034115</IE><dEmi>2014-03-10</dEmi><tpNF>1</tpNF><vNF>1982.07</vNF><digVal>JIxiapRexvpbMSfnrkR4aN+qrhQ=</digVal><dhRecbto>2014-03-10T12:55:06</dhRecbto><cSitNFe>1</cSitNFe><cSitConf>0</cSitConf></resNFe></ret><ret><resNFe NSU="9349774292"><chNFe>35140343558600000182550010000203261271111465</chNFe><CNPJ>43558600000182</CNPJ><xNome>CASTELINHO TECIDOS E TECIDOS LTDA</xNome><IE>108918080119</IE><dEmi>2014-03-10</dEmi><tpNF>1</tpNF><vNF>6182.50</vNF><digVal>aWe/gTEWwN0EZkenQID35Ajq7us=</digVal><dhRecbto>2014-03-10T13:17:31</dhRecbto><cSitNFe>1</cSitNFe><cSitConf>0</cSitConf></resNFe></ret></retConsNFeDest></nfeConsultaNFDestResult></soap:Body></soap:Envelope></pesquisa><pesquisa num="9"><soap:Envelope xmlns:soap="http://www.w3.org/2003/05/soap-envelope" xmlns:xsi="http://www.w3.org/2001/XMLSchema-instance" xmlns:xsd="http://www.w3.org/2001/XMLSchema"><soap:Body><nfeConsultaNFDestResult xmlns="http://www.portalfiscal.inf.br/nfe/wsdl/NfeConsultaDest"><retConsNFeDest xmlns="http://www.portalfiscal.inf.br/nfe" versao="1.01"><tpAmb>1</tpAmb><verAplic>1.1.0</verAplic><cStat>138</cStat><xMotivo>Documento localizado para o destinatario</xMotivo><dhResp>2014-03-14T14:20:58</dhResp><indCont>1</indCont><ultNSU>9350274292</ultNSU><ret><resCCe NSU="9350088006"><chNFe>35140311290482000188550010000078201453062405</chNFe><dhEvento>2014-03-10T13:51:16-03:00</dhEvento><tpEvento>110110</tpEvento><nSeqEvento>1</nSeqEvento><descEvento>Carta de Correcao</descEvento><xCorrecao>O numero correto de peças é 21</xCorrecao><tpNF>1</tpNF><dhRecbto>2014-03-10T09:19:13</dhRecbto></resCCe></ret></retConsNFeDest></nfeConsultaNFDestResult></soap:Body></soap:Envelope></pesquisa><pesquisa num="10"><soap:Envelope xmlns:soap="http://www.w3.org/2003/05/soap-envelope" xmlns:xsi="http://www.w3.org/2001/XMLSchema-instance" xmlns:xsd="http://www.w3.org/2001/XMLSchema"><soap:Body><nfeConsultaNFDestResult xmlns="http://www.portalfiscal.inf.br/nfe/wsdl/NfeConsultaDest"><retConsNFeDest xmlns="http://www.portalfiscal.inf.br/nfe" versao="1.01"><tpAmb>1</tpAmb><verAplic>1.1.0</verAplic><cStat>138</cStat><xMotivo>Documento localizado para o destinatario</xMotivo><dhResp>2014-03-14T14:21:03</dhResp><indCont>1</indCont><ultNSU>9350774292</ultNSU><ret><resNFe NSU="9350309288"><chNFe>35140311290482000188550010000078271000493006</chNFe><CNPJ>11290482000188</CNPJ><xNome>MAVELLO TEXTIL INDUSTRIA E COMERCIO DE MALHAS LTDA</xNome><IE>148870628115</IE><dEmi>2014-03-10</dEmi><tpNF>1</tpNF><vNF>1301.04</vNF><digVal>JQImsj6Y2Cbt3JNRKdNgqXD/oeQ=</digVal><dhRecbto>2014-03-10T14:12:11</dhRecbto><cSitNFe>1</cSitNFe><cSitConf>0</cSitConf></resNFe></ret><ret><resNFe NSU="9350325976"><chNFe>35140311290482000188550010000078281714000449</chNFe><CNPJ>11290482000188</CNPJ><xNome>MAVELLO TEXTIL INDUSTRIA E COMERCIO DE MALHAS LTDA</xNome><IE>148870628115</IE><dEmi>2014-03-10</dEmi><tpNF>1</tpNF><vNF>5298.94</vNF><digVal>hu77ev85hKBB47STJ5R2rj6nFto=</digVal><dhRecbto>2014-03-10T14:13:10</dhRecbto><cSitNFe>1</cSitNFe><cSitConf>0</cSitConf></resNFe></ret></retConsNFeDest></nfeConsultaNFDestResult></soap:Body></soap:Envelope></pesquisa><pesquisa num="11"><soap:Envelope xmlns:soap="http://www.w3.org/2003/05/soap-envelope" xmlns:xsi="http://www.w3.org/2001/XMLSchema-instance" xmlns:xsd="http://www.w3.org/2001/XMLSchema"><soap:Body><nfeConsultaNFDestResult xmlns="http://www.portalfiscal.inf.br/nfe/wsdl/NfeConsultaDest"><retConsNFeDest xmlns="http://www.portalfiscal.inf.br/nfe" versao="1.01"><tpAmb>1</tpAmb><verAplic>1.1.0</verAplic><cStat>137</cStat><xMotivo>Nenhum documento localizado para o destinatario</xMotivo><dhResp>2014-03-14T14:21:09</dhResp><indCont>1</indCont><ultNSU>9350825976</ultNSU></retConsNFeDest></nfeConsultaNFDestResult></soap:Body></soap:Envelope></pesquisa><pesquisa num="12"><soap:Envelope xmlns:soap="http://www.w3.org/2003/05/soap-envelope" xmlns:xsi="http://www.w3.org/2001/XMLSchema-instance" xmlns:xsd="http://www.w3.org/2001/XMLSchema"><soap:Body><nfeConsultaNFDestResult xmlns="http://www.portalfiscal.inf.br/nfe/wsdl/NfeConsultaDest"><retConsNFeDest xmlns="http://www.portalfiscal.inf.br/nfe" versao="1.01"><tpAmb>1</tpAmb><verAplic>1.1.0</verAplic><cStat>137</cStat><xMotivo>Nenhum documento localizado para o destinatario</xMotivo><dhResp>2014-03-14T14:21:14</dhResp><indCont>1</indCont><ultNSU>9351325976</ultNSU></retConsNFeDest></nfeConsultaNFDestResult></soap:Body></soap:Envelope></pesquisa><pesquisa num="13"><soap:Envelope xmlns:soap="http://www.w3.org/2003/05/soap-envelope" xmlns:xsi="http://www.w3.org/2001/XMLSchema-instance" xmlns:xsd="http://www.w3.org/2001/XMLSchema"><soap:Body><nfeConsultaNFDestResult xmlns="http://www.portalfiscal.inf.br/nfe/wsdl/NfeConsultaDest"><retConsNFeDest xmlns="http://www.portalfiscal.inf.br/nfe" versao="1.01"><tpAmb>1</tpAmb><verAplic>1.1.0</verAplic><cStat>137</cStat><xMotivo>Nenhum documento localizado para o destinatario</xMotivo><dhResp>2014-03-14T14:21:20</dhResp><indCont>1</indCont><ultNSU>9351825976</ultNSU></retConsNFeDest></nfeConsultaNFDestResult></soap:Body></soap:Envelope></pesquisa><pesquisa num="14"><soap:Envelope xmlns:soap="http://www.w3.org/2003/05/soap-envelope" xmlns:xsi="http://www.w3.org/2001/XMLSchema-instance" xmlns:xsd="http://www.w3.org/2001/XMLSchema"><soap:Body><nfeConsultaNFDestResult xmlns="http://www.portalfiscal.inf.br/nfe/wsdl/NfeConsultaDest"><retConsNFeDest xmlns="http://www.portalfiscal.inf.br/nfe" versao="1.01"><tpAmb>1</tpAmb><verAplic>1.1.0</verAplic><cStat>137</cStat><xMotivo>Nenhum documento localizado para o destinatario</xMotivo><dhResp>2014-03-14T14:21:25</dhResp><indCont>1</indCont><ultNSU>9352325976</ultNSU></retConsNFeDest></nfeConsultaNFDestResult></soap:Body></soap:Envelope></pesquisa><pesquisa num="15"><soap:Envelope xmlns:soap="http://www.w3.org/2003/05/soap-envelope" xmlns:xsi="http://www.w3.org/2001/XMLSchema-instance" xmlns:xsd="http://www.w3.org/2001/XMLSchema"><soap:Body><nfeConsultaNFDestResult xmlns="http://www.portalfiscal.inf.br/nfe/wsdl/NfeConsultaDest"><retConsNFeDest xmlns="http://www.portalfiscal.inf.br/nfe" versao="1.01"><tpAmb>1</tpAmb><verAplic>1.1.0</verAplic><cStat>137</cStat><xMotivo>Nenhum documento localizado para o destinatario</xMotivo><dhResp>2014-03-14T14:21:31</dhResp><indCont>1</indCont><ultNSU>9352825976</ultNSU></retConsNFeDest></nfeConsultaNFDestResult></soap:Body></soap:Envelope></pesquisa><pesquisa num="16"><soap:Envelope xmlns:soap="http://www.w3.org/2003/05/soap-envelope" xmlns:xsi="http://www.w3.org/2001/XMLSchema-instance" xmlns:xsd="http://www.w3.org/2001/XMLSchema"><soap:Body><nfeConsultaNFDestResult xmlns="http://www.portalfiscal.inf.br/nfe/wsdl/NfeConsultaDest"><retConsNFeDest xmlns="http://www.portalfiscal.inf.br/nfe" versao="1.01"><tpAmb>1</tpAmb><verAplic>1.1.0</verAplic><cStat>137</cStat><xMotivo>Nenhum documento localizado para o destinatario</xMotivo><dhResp>2014-03-14T14:21:36</dhResp><indCont>1</indCont><ultNSU>9353325976</ultNSU></retConsNFeDest></nfeConsultaNFDestResult></soap:Body></soap:Envelope></pesquisa><pesquisa num="17"><soap:Envelope xmlns:soap="http://www.w3.org/2003/05/soap-envelope" xmlns:xsi="http://www.w3.org/2001/XMLSchema-instance" xmlns:xsd="http://www.w3.org/2001/XMLSchema"><soap:Body><nfeConsultaNFDestResult xmlns="http://www.portalfiscal.inf.br/nfe/wsdl/NfeConsultaDest"><retConsNFeDest xmlns="http://www.portalfiscal.inf.br/nfe" versao="1.01"><tpAmb>1</tpAmb><verAplic>1.1.0</verAplic><cStat>137</cStat><xMotivo>Nenhum documento localizado para o destinatario</xMotivo><dhResp>2014-03-14T14:21:41</dhResp><indCont>1</indCont><ultNSU>9353825976</ultNSU></retConsNFeDest></nfeConsultaNFDestResult></soap:Body></soap:Envelope></pesquisa><pesquisa num="18"><soap:Envelope xmlns:soap="http://www.w3.org/2003/05/soap-envelope" xmlns:xsi="http://www.w3.org/2001/XMLSchema-instance" xmlns:xsd="http://www.w3.org/2001/XMLSchema"><soap:Body><nfeConsultaNFDestResult xmlns="http://www.portalfiscal.inf.br/nfe/wsdl/NfeConsultaDest"><retConsNFeDest xmlns="http://www.portalfiscal.inf.br/nfe" versao="1.01"><tpAmb>1</tpAmb><verAplic>1.1.0</verAplic><cStat>137</cStat><xMotivo>Nenhum documento localizado para o destinatario</xMotivo><dhResp>2014-03-14T14:21:46</dhResp><indCont>1</indCont><ultNSU>9354325976</ultNSU></retConsNFeDest></nfeConsultaNFDestResult></soap:Body></soap:Envelope></pesquisa><pesquisa num="19"><soap:Envelope xmlns:soap="http://www.w3.org/2003/05/soap-envelope" xmlns:xsi="http://www.w3.org/2001/XMLSchema-instance" xmlns:xsd="http://www.w3.org/2001/XMLSchema"><soap:Body><nfeConsultaNFDestResult xmlns="http://www.portalfiscal.inf.br/nfe/wsdl/NfeConsultaDest"><retConsNFeDest xmlns="http://www.portalfiscal.inf.br/nfe" versao="1.01"><tpAmb>1</tpAmb><verAplic>1.1.0</verAplic><cStat>137</cStat><xMotivo>Nenhum documento localizado para o destinatario</xMotivo><dhResp>2014-03-14T14:21:52</dhResp><indCont>1</indCont><ultNSU>9354825976</ultNSU></retConsNFeDest></nfeConsultaNFDestResult></soap:Body></soap:Envelope></pesquisa><pesquisa num="20"><soap:Envelope xmlns:soap="http://www.w3.org/2003/05/soap-envelope" xmlns:xsi="http://www.w3.org/2001/XMLSchema-instance" xmlns:xsd="http://www.w3.org/2001/XMLSchema"><soap:Body><nfeConsultaNFDestResult xmlns="http://www.portalfiscal.inf.br/nfe/wsdl/NfeConsultaDest"><retConsNFeDest xmlns="http://www.portalfiscal.inf.br/nfe" versao="1.01"><tpAmb>1</tpAmb><verAplic>1.1.0</verAplic><cStat>137</cStat><xMotivo>Nenhum documento localizado para o destinatario</xMotivo><dhResp>2014-03-14T14:21:58</dhResp><indCont>1</indCont><ultNSU>9355325976</ultNSU></retConsNFeDest></nfeConsultaNFDestResult></soap:Body></soap:Envelope></pesquisa><pesquisa num="21"><soap:Envelope xmlns:soap="http://www.w3.org/2003/05/soap-envelope" xmlns:xsi="http://www.w3.org/2001/XMLSchema-instance" xmlns:xsd="http://www.w3.org/2001/XMLSchema"><soap:Body><nfeConsultaNFDestResult xmlns="http://www.portalfiscal.inf.br/nfe/wsdl/NfeConsultaDest"><retConsNFeDest xmlns="http://www.portalfiscal.inf.br/nfe" versao="1.01"><tpAmb>1</tpAmb><verAplic>1.1.0</verAplic><cStat>138</cStat><xMotivo>Documento localizado para o destinatario</xMotivo><dhResp>2014-03-14T14:22:03</dhResp><indCont>1</indCont><ultNSU>9355825976</ultNSU><ret><resNFe NSU="9355504183"><chNFe>41140303129424000149550020000374631000499561</chNFe><CNPJ>03129424000149</CNPJ><xNome>Antex Ltda.</xNome><IE>9020270419</IE><dEmi>2014-03-10</dEmi><tpNF>1</tpNF><vNF>23175.68</vNF><digVal>0x5rLUaLmcC1t5DA5h8rf5ceC8A=</digVal><dhRecbto>2014-03-10T17:52:16</dhRecbto><cSitNFe>1</cSitNFe><cSitConf>0</cSitConf></resNFe></ret><ret><resNFe NSU="9355504212"><chNFe>41140303129424000149550020000374641000499577</chNFe><CNPJ>03129424000149</CNPJ><xNome>Antex Ltda.</xNome><IE>9020270419</IE><dEmi>2014-03-10</dEmi><tpNF>1</tpNF><vNF>21312.12</vNF><digVal>4BBRTo7RzH9yZu4qSCt114ThlAo=</digVal><dhRecbto>2014-03-10T17:52:16</dhRecbto><cSitNFe>1</cSitNFe><cSitConf>0</cSitConf></resNFe></ret></retConsNFeDest></nfeConsultaNFDestResult></soap:Body></soap:Envelope></pesquisa><pesquisa num="22"><soap:Envelope xmlns:soap="http://www.w3.org/2003/05/soap-envelope" xmlns:xsi="http://www.w3.org/2001/XMLSchema-instance" xmlns:xsd="http://www.w3.org/2001/XMLSchema"><soap:Body><nfeConsultaNFDestResult xmlns="http://www.portalfiscal.inf.br/nfe/wsdl/NfeConsultaDest"><retConsNFeDest xmlns="http://www.portalfiscal.inf.br/nfe" versao="1.01"><tpAmb>1</tpAmb><verAplic>1.1.0</verAplic><cStat>137</cStat><xMotivo>Nenhum documento localizado para o destinatario</xMotivo><dhResp>2014-03-14T14:22:09</dhResp><indCont>1</indCont><ultNSU>9356004212</ultNSU></retConsNFeDest></nfeConsultaNFDestResult></soap:Body></soap:Envelope></pesquisa><pesquisa num="23"><soap:Envelope xmlns:soap="http://www.w3.org/2003/05/soap-envelope" xmlns:xsi="http://www.w3.org/2001/XMLSchema-instance" xmlns:xsd="http://www.w3.org/2001/XMLSchema"><soap:Body><nfeConsultaNFDestResult xmlns="http://www.portalfiscal.inf.br/nfe/wsdl/NfeConsultaDest"><retConsNFeDest xmlns="http://www.portalfiscal.inf.br/nfe" versao="1.01"><tpAmb>1</tpAmb><verAplic>1.1.0</verAplic><cStat>137</cStat><xMotivo>Nenhum documento localizado para o destinatario</xMotivo><dhResp>2014-03-14T14:22:14</dhResp><indCont>1</indCont><ultNSU>9356504212</ultNSU></retConsNFeDest></nfeConsultaNFDestResult></soap:Body></soap:Envelope></pesquisa><pesquisa num="24"><soap:Envelope xmlns:soap="http://www.w3.org/2003/05/soap-envelope" xmlns:xsi="http://www.w3.org/2001/XMLSchema-instance" xmlns:xsd="http://www.w3.org/2001/XMLSchema"><soap:Body><nfeConsultaNFDestResult xmlns="http://www.portalfiscal.inf.br/nfe/wsdl/NfeConsultaDest"><retConsNFeDest xmlns="http://www.portalfiscal.inf.br/nfe" versao="1.01"><tpAmb>1</tpAmb><verAplic>1.1.0</verAplic><cStat>137</cStat><xMotivo>Nenhum documento localizado para o destinatario</xMotivo><dhResp>2014-03-14T14:22:20</dhResp><indCont>1</indCont><ultNSU>9357004212</ultNSU></retConsNFeDest></nfeConsultaNFDestResult></soap:Body></soap:Envelope></pesquisa><pesquisa num="25"><soap:Envelope xmlns:soap="http://www.w3.org/2003/05/soap-envelope" xmlns:xsi="http://www.w3.org/2001/XMLSchema-instance" xmlns:xsd="http://www.w3.org/2001/XMLSchema"><soap:Body><nfeConsultaNFDestResult xmlns="http://www.portalfiscal.inf.br/nfe/wsdl/NfeConsultaDest"><retConsNFeDest xmlns="http://www.portalfiscal.inf.br/nfe" versao="1.01"><tpAmb>1</tpAmb><verAplic>1.1.0</verAplic><cStat>137</cStat><xMotivo>Nenhum documento localizado para o destinatario</xMotivo><dhResp>2014-03-14T14:22:25</dhResp><indCont>1</indCont><ultNSU>9357504212</ultNSU></retConsNFeDest></nfeConsultaNFDestResult></soap:Body></soap:Envelope></pesquisa><pesquisa num="26"><soap:Envelope xmlns:soap="http://www.w3.org/2003/05/soap-envelope" xmlns:xsi="http://www.w3.org/2001/XMLSchema-instance" xmlns:xsd="http://www.w3.org/2001/XMLSchema"><soap:Body><nfeConsultaNFDestResult xmlns="http://www.portalfiscal.inf.br/nfe/wsdl/NfeConsultaDest"><retConsNFeDest xmlns="http://www.portalfiscal.inf.br/nfe" versao="1.01"><tpAmb>1</tpAmb><verAplic>1.1.0</verAplic><cStat>138</cStat><xMotivo>Documento localizado para o destinatario</xMotivo><dhResp>2014-03-14T14:22:31</dhResp><indCont>1</indCont><ultNSU>9358004212</ultNSU><ret><resNFe NSU="9357766623"><chNFe>35140371805063000163550010000151271010187938</chNFe><CNPJ>71805063000163</CNPJ><xNome>DITIN INDUSTRIA TEXTIL LTDA</xNome><IE>734001594115</IE><dEmi>2014-03-11</dEmi><tpNF>1</tpNF><vNF>28549.97</vNF><digVal>2E71Qb9g5c/T161fyQ3PY9bqYcc=</digVal><dhRecbto>2014-03-11T08:22:37</dhRecbto><cSitNFe>1</cSitNFe><cSitConf>0</cSitConf></resNFe></ret></retConsNFeDest></nfeConsultaNFDestResult></soap:Body></soap:Envelope></pesquisa><pesquisa num="27"><soap:Envelope xmlns:soap="http://www.w3.org/2003/05/soap-envelope" xmlns:xsi="http://www.w3.org/2001/XMLSchema-instance" xmlns:xsd="http://www.w3.org/2001/XMLSchema"><soap:Body><nfeConsultaNFDestResult xmlns="http://www.portalfiscal.inf.br/nfe/wsdl/NfeConsultaDest"><retConsNFeDest xmlns="http://www.portalfiscal.inf.br/nfe" versao="1.01"><tpAmb>1</tpAmb><verAplic>1.1.0</verAplic><cStat>137</cStat><xMotivo>Nenhum documento localizado para o destinatario</xMotivo><dhResp>2014-03-14T14:22:36</dhResp><indCont>1</indCont><ultNSU>9358266623</ultNSU></retConsNFeDest></nfeConsultaNFDestResult></soap:Body></soap:Envelope></pesquisa><pesquisa num="28"><soap:Envelope xmlns:soap="http://www.w3.org/2003/05/soap-envelope" xmlns:xsi="http://www.w3.org/2001/XMLSchema-instance" xmlns:xsd="http://www.w3.org/2001/XMLSchema"><soap:Body><nfeConsultaNFDestResult xmlns="http://www.portalfiscal.inf.br/nfe/wsdl/NfeConsultaDest"><retConsNFeDest xmlns="http://www.portalfiscal.inf.br/nfe" versao="1.01"><tpAmb>1</tpAmb><verAplic>1.1.0</verAplic><cStat>137</cStat><xMotivo>Nenhum documento localizado para o destinatario</xMotivo><dhResp>2014-03-14T14:22:42</dhResp><indCont>1</indCont><ultNSU>9358766623</ultNSU></retConsNFeDest></nfeConsultaNFDestResult></soap:Body></soap:Envelope></pesquisa><pesquisa num="29"><soap:Envelope xmlns:soap="http://www.w3.org/2003/05/soap-envelope" xmlns:xsi="http://www.w3.org/2001/XMLSchema-instance" xmlns:xsd="http://www.w3.org/2001/XMLSchema"><soap:Body><nfeConsultaNFDestResult xmlns="http://www.portalfiscal.inf.br/nfe/wsdl/NfeConsultaDest"><retConsNFeDest xmlns="http://www.portalfiscal.inf.br/nfe" versao="1.01"><tpAmb>1</tpAmb><verAplic>1.1.0</verAplic><cStat>137</cStat><xMotivo>Nenhum documento localizado para o destinatario</xMotivo><dhResp>2014-03-14T14:22:47</dhResp><indCont>1</indCont><ultNSU>9359266623</ultNSU></retConsNFeDest></nfeConsultaNFDestResult></soap:Body></soap:Envelope></pesquisa><pesquisa num="30"><soap:Envelope xmlns:soap="http://www.w3.org/2003/05/soap-envelope" xmlns:xsi="http://www.w3.org/2001/XMLSchema-instance" xmlns:xsd="http://www.w3.org/2001/XMLSchema"><soap:Body><nfeConsultaNFDestResult xmlns="http://www.portalfiscal.inf.br/nfe/wsdl/NfeConsultaDest"><retConsNFeDest xmlns="http://www.portalfiscal.inf.br/nfe" versao="1.01"><tpAmb>1</tpAmb><verAplic>1.1.0</verAplic><cStat>137</cStat><xMotivo>Nenhum documento localizado para o destinatario</xMotivo><dhResp>2014-03-14T14:22:52</dhResp><indCont>1</indCont><ultNSU>9359766623</ultNSU></retConsNFeDest></nfeConsultaNFDestResult></soap:Body></soap:Envelope></pesquisa><pesquisa num="31"><soap:Envelope xmlns:soap="http://www.w3.org/2003/05/soap-envelope" xmlns:xsi="http://www.w3.org/2001/XMLSchema-instance" xmlns:xsd="http://www.w3.org/2001/XMLSchema"><soap:Body><nfeConsultaNFDestResult xmlns="http://www.portalfiscal.inf.br/nfe/wsdl/NfeConsultaDest"><retConsNFeDest xmlns="http://www.portalfiscal.inf.br/nfe" versao="1.01"><tpAmb>1</tpAmb><verAplic>1.1.0</verAplic><cStat>137</cStat><xMotivo>Nenhum documento localizado para o destinatario</xMotivo><dhResp>2014-03-14T14:22:58</dhResp><indCont>1</indCont><ultNSU>9360266623</ultNSU></retConsNFeDest></nfeConsultaNFDestResult></soap:Body></soap:Envelope></pesquisa><pesquisa num="32"><soap:Envelope xmlns:soap="http://www.w3.org/2003/05/soap-envelope" xmlns:xsi="http://www.w3.org/2001/XMLSchema-instance" xmlns:xsd="http://www.w3.org/2001/XMLSchema"><soap:Body><nfeConsultaNFDestResult xmlns="http://www.portalfiscal.inf.br/nfe/wsdl/NfeConsultaDest"><retConsNFeDest xmlns="http://www.portalfiscal.inf.br/nfe" versao="1.01"><tpAmb>1</tpAmb><verAplic>1.1.0</verAplic><cStat>137</cStat><xMotivo>Nenhum documento localizado para o destinatario</xMotivo><dhResp>2014-03-14T14:23:03</dhResp><indCont>1</indCont><ultNSU>9360766623</ultNSU></retConsNFeDest></nfeConsultaNFDestResult></soap:Body></soap:Envelope></pesquisa><pesquisa num="33"><soap:Envelope xmlns:soap="http://www.w3.org/2003/05/soap-envelope" xmlns:xsi="http://www.w3.org/2001/XMLSchema-instance" xmlns:xsd="http://www.w3.org/2001/XMLSchema"><soap:Body><nfeConsultaNFDestResult xmlns="http://www.portalfiscal.inf.br/nfe/wsdl/NfeConsultaDest"><retConsNFeDest xmlns="http://www.portalfiscal.inf.br/nfe" versao="1.01"><tpAmb>1</tpAmb><verAplic>1.1.0</verAplic><cStat>137</cStat><xMotivo>Nenhum documento localizado para o destinatario</xMotivo><dhResp>2014-03-14T14:23:09</dhResp><indCont>1</indCont><ultNSU>9361266623</ultNSU></retConsNFeDest></nfeConsultaNFDestResult></soap:Body></soap:Envelope></pesquisa><pesquisa num="34"><soap:Envelope xmlns:soap="http://www.w3.org/2003/05/soap-envelope" xmlns:xsi="http://www.w3.org/2001/XMLSchema-instance" xmlns:xsd="http://www.w3.org/2001/XMLSchema"><soap:Body><nfeConsultaNFDestResult xmlns="http://www.portalfiscal.inf.br/nfe/wsdl/NfeConsultaDest"><retConsNFeDest xmlns="http://www.portalfiscal.inf.br/nfe" versao="1.01"><tpAmb>1</tpAmb><verAplic>1.1.0</verAplic><cStat>138</cStat><xMotivo>Documento localizado para o destinatario</xMotivo><dhResp>2014-03-14T14:23:14</dhResp><indCont>1</indCont><ultNSU>9361766623</ultNSU><ret><resNFe NSU="9361580477"><chNFe>35140343651066000154550000000181291141542116</chNFe><CNPJ>43651066000154</CNPJ><xNome>SEIREN DO BRASIL INDUSTRIA TEXTIL LTDA</xNome><IE>669063034115</IE><dEmi>2014-03-11</dEmi><tpNF>1</tpNF><vNF>31511.54</vNF><digVal>Oeo+QwuY3bCAOH0Y0YV3bjhskww=</digVal><dhRecbto>2014-03-11T14:14:05</dhRecbto><cSitNFe>1</cSitNFe><cSitConf>0</cSitConf></resNFe></ret><ret><resNFe NSU="9361582014"><chNFe>35140343651066000154550000000181311141544117</chNFe><CNPJ>43651066000154</CNPJ><xNome>SEIREN DO BRASIL INDUSTRIA TEXTIL LTDA</xNome><IE>669063034115</IE><dEmi>2014-03-11</dEmi><tpNF>1</tpNF><vNF>2316.93</vNF><digVal>g7Oj7qSd5nbxTML9L28+qzf2Lnw=</digVal><dhRecbto>2014-03-11T14:14:09</dhRecbto><cSitNFe>1</cSitNFe><cSitConf>0</cSitConf></resNFe></ret><ret><resNFe NSU="9361582043"><chNFe>35140343651066000154550000000181301141543113</chNFe><CNPJ>43651066000154</CNPJ><xNome>SEIREN DO BRASIL INDUSTRIA TEXTIL LTDA</xNome><IE>669063034115</IE><dEmi>2014-03-11</dEmi><tpNF>1</tpNF><vNF>5937.38</vNF><digVal>N3/Qle97bmPkEUrN7BONgUB8lv0=</digVal><dhRecbto>2014-03-11T14:14:07</dhRecbto><cSitNFe>1</cSitNFe><cSitConf>0</cSitConf></resNFe></ret></retConsNFeDest></nfeConsultaNFDestResult></soap:Body></soap:Envelope></pesquisa><pesquisa num="35"><soap:Envelope xmlns:soap="http://www.w3.org/2003/05/soap-envelope" xmlns:xsi="http://www.w3.org/2001/XMLSchema-instance" xmlns:xsd="http://www.w3.org/2001/XMLSchema"><soap:Body><nfeConsultaNFDestResult xmlns="http://www.portalfiscal.inf.br/nfe/wsdl/NfeConsultaDest"><retConsNFeDest xmlns="http://www.portalfiscal.inf.br/nfe" versao="1.01"><tpAmb>1</tpAmb><verAplic>1.1.0</verAplic><cStat>137</cStat><xMotivo>Nenhum documento localizado para o destinatario</xMotivo><dhResp>2014-03-14T14:23:19</dhResp><indCont>1</indCont><ultNSU>9362082043</ultNSU></retConsNFeDest></nfeConsultaNFDestResult></soap:Body></soap:Envelope></pesquisa><pesquisa num="36"><soap:Envelope xmlns:soap="http://www.w3.org/2003/05/soap-envelope" xmlns:xsi="http://www.w3.org/2001/XMLSchema-instance" xmlns:xsd="http://www.w3.org/2001/XMLSchema"><soap:Body><nfeConsultaNFDestResult xmlns="http://www.portalfiscal.inf.br/nfe/wsdl/NfeConsultaDest"><retConsNFeDest xmlns="http://www.portalfiscal.inf.br/nfe" versao="1.01"><tpAmb>1</tpAmb><verAplic>1.1.0</verAplic><cStat>138</cStat><xMotivo>Documento localizado para o destinatario</xMotivo><dhResp>2014-03-14T14:23:25</dhResp><indCont>1</indCont><ultNSU>9362582043</ultNSU><ret><resNFe NSU="9362358658"><chNFe>35140315179682002324550010000780151522721811</chNFe><CNPJ>15179682002324</CNPJ><xNome>RHODIA POLIAMIDA E ESPECIALIDADES L</xNome><IE>392000706118</IE><dEmi>2014-03-11</dEmi><tpNF>1</tpNF><vNF>56083.68</vNF><digVal>uqu7pnmdjIH165OZnvWGSjko2Vc=</digVal><dhRecbto>2014-03-11T15:16:22</dhRecbto><cSitNFe>1</cSitNFe><cSitConf>0</cSitConf></resNFe></ret></retConsNFeDest></nfeConsultaNFDestResult></soap:Body></soap:Envelope></pesquisa><pesquisa num="37"><soap:Envelope xmlns:soap="http://www.w3.org/2003/05/soap-envelope" xmlns:xsi="http://www.w3.org/2001/XMLSchema-instance" xmlns:xsd="http://www.w3.org/2001/XMLSchema"><soap:Body><nfeConsultaNFDestResult xmlns="http://www.portalfiscal.inf.br/nfe/wsdl/NfeConsultaDest"><retConsNFeDest xmlns="http://www.portalfiscal.inf.br/nfe" versao="1.01"><tpAmb>1</tpAmb><verAplic>1.1.0</verAplic><cStat>137</cStat><xMotivo>Nenhum documento localizado para o destinatario</xMotivo><dhResp>2014-03-14T14:23:30</dhResp><indCont>1</indCont><ultNSU>9362858658</ultNSU></retConsNFeDest></nfeConsultaNFDestResult></soap:Body></soap:Envelope></pesquisa><pesquisa num="38"><soap:Envelope xmlns:soap="http://www.w3.org/2003/05/soap-envelope" xmlns:xsi="http://www.w3.org/2001/XMLSchema-instance" xmlns:xsd="http://www.w3.org/2001/XMLSchema"><soap:Body><nfeConsultaNFDestResult xmlns="http://www.portalfiscal.inf.br/nfe/wsdl/NfeConsultaDest"><retConsNFeDest xmlns="http://www.portalfiscal.inf.br/nfe" versao="1.01"><tpAmb>1</tpAmb><verAplic>1.1.0</verAplic><cStat>138</cStat><xMotivo>Documento localizado para o destinatario</xMotivo><dhResp>2014-03-14T14:23:35</dhResp><indCont>1</indCont><ultNSU>9363358658</ultNSU><ret><resNFe NSU="9363036042"><chNFe>35140371784664000137550030000070111909375505</chNFe><CNPJ>71784664000137</CNPJ><xNome>UTIPELCO INDUSTRIA E COMERCIO DE PAPEIS LTDA.</xNome><IE>626276620117</IE><dEmi>2014-03-11</dEmi><tpNF>1</tpNF><vNF>966.90</vNF><digVal>buXY6BaqAKC8uYvaiVRuzRz57Pg=</digVal><dhRecbto>2014-03-11T16:07:44</dhRecbto><cSitNFe>1</cSitNFe><cSitConf>0</cSitConf></resNFe></ret></retConsNFeDest></nfeConsultaNFDestResult></soap:Body></soap:Envelope></pesquisa><pesquisa num="39"><soap:Envelope xmlns:soap="http://www.w3.org/2003/05/soap-envelope" xmlns:xsi="http://www.w3.org/2001/XMLSchema-instance" xmlns:xsd="http://www.w3.org/2001/XMLSchema"><soap:Body><nfeConsultaNFDestResult xmlns="http://www.portalfiscal.inf.br/nfe/wsdl/NfeConsultaDest"><retConsNFeDest xmlns="http://www.portalfiscal.inf.br/nfe" versao="1.01"><tpAmb>1</tpAmb><verAplic>1.1.0</verAplic><cStat>138</cStat><xMotivo>Documento localizado para o destinatario</xMotivo><dhResp>2014-03-14T14:23:41</dhResp><indCont>1</indCont><ultNSU>9363536042</ultNSU><ret><resCCe NSU="9363486832"><chNFe>35140371784664000137550030000070111909375505</chNFe><dhEvento>2014-03-11T16:39:28-03:00</dhEvento><tpEvento>110110</tpEvento><nSeqEvento>1</nSeqEvento><descEvento>Carta de Correcao</descEvento><xCorrecao>DE: CFOP 5101      PARA: CFOP  5102</xCorrecao><tpNF>1</tpNF><dhRecbto>2014-03-11T16:07:44</dhRecbto></resCCe></ret></retConsNFeDest></nfeConsultaNFDestResult></soap:Body></soap:Envelope></pesquisa><pesquisa num="40"><soap:Envelope xmlns:soap="http://www.w3.org/2003/05/soap-envelope" xmlns:xsi="http://www.w3.org/2001/XMLSchema-instance" xmlns:xsd="http://www.w3.org/2001/XMLSchema"><soap:Body><nfeConsultaNFDestResult xmlns="http://www.portalfiscal.inf.br/nfe/wsdl/NfeConsultaDest"><retConsNFeDest xmlns="http://www.portalfiscal.inf.br/nfe" versao="1.01"><tpAmb>1</tpAmb><verAplic>1.1.0</verAplic><cStat>137</cStat><xMotivo>Nenhum documento localizado para o destinatario</xMotivo><dhResp>2014-03-14T14:23:46</dhResp><indCont>1</indCont><ultNSU>9364036042</ultNSU></retConsNFeDest></nfeConsultaNFDestResult></soap:Body></soap:Envelope></pesquisa><pesquisa num="41"><soap:Envelope xmlns:soap="http://www.w3.org/2003/05/soap-envelope" xmlns:xsi="http://www.w3.org/2001/XMLSchema-instance" xmlns:xsd="http://www.w3.org/2001/XMLSchema"><soap:Body><nfeConsultaNFDestResult xmlns="http://www.portalfiscal.inf.br/nfe/wsdl/NfeConsultaDest"><retConsNFeDest xmlns="http://www.portalfiscal.inf.br/nfe" versao="1.01"><tpAmb>1</tpAmb><verAplic>1.1.0</verAplic><cStat>137</cStat><xMotivo>Nenhum documento localizado para o destinatario</xMotivo><dhResp>2014-03-14T14:23:52</dhResp><indCont>1</indCont><ultNSU>9364536042</ultNSU></retConsNFeDest></nfeConsultaNFDestResult></soap:Body></soap:Envelope></pesquisa><pesquisa num="42"><soap:Envelope xmlns:soap="http://www.w3.org/2003/05/soap-envelope" xmlns:xsi="http://www.w3.org/2001/XMLSchema-instance" xmlns:xsd="http://www.w3.org/2001/XMLSchema"><soap:Body><nfeConsultaNFDestResult xmlns="http://www.portalfiscal.inf.br/nfe/wsdl/NfeConsultaDest"><retConsNFeDest xmlns="http://www.portalfiscal.inf.br/nfe" versao="1.01"><tpAmb>1</tpAmb><verAplic>1.1.0</verAplic><cStat>137</cStat><xMotivo>Nenhum documento localizado para o destinatario</xMotivo><dhResp>2014-03-14T14:23:57</dhResp><indCont>1</indCont><ultNSU>9365036042</ultNSU></retConsNFeDest></nfeConsultaNFDestResult></soap:Body></soap:Envelope></pesquisa><pesquisa num="43"><soap:Envelope xmlns:soap="http://www.w3.org/2003/05/soap-envelope" xmlns:xsi="http://www.w3.org/2001/XMLSchema-instance" xmlns:xsd="http://www.w3.org/2001/XMLSchema"><soap:Body><nfeConsultaNFDestResult xmlns="http://www.portalfiscal.inf.br/nfe/wsdl/NfeConsultaDest"><retConsNFeDest xmlns="http://www.portalfiscal.inf.br/nfe" versao="1.01"><tpAmb>1</tpAmb><verAplic>1.1.0</verAplic><cStat>137</cStat><xMotivo>Nenhum documento localizado para o destinatario</xMotivo><dhResp>2014-03-14T14:24:03</dhResp><indCont>1</indCont><ultNSU>9365536042</ultNSU></retConsNFeDest></nfeConsultaNFDestResult></soap:Body></soap:Envelope></pesquisa><pesquisa num="44"><soap:Envelope xmlns:soap="http://www.w3.org/2003/05/soap-envelope" xmlns:xsi="http://www.w3.org/2001/XMLSchema-instance" xmlns:xsd="http://www.w3.org/2001/XMLSchema"><soap:Body><nfeConsultaNFDestResult xmlns="http://www.portalfiscal.inf.br/nfe/wsdl/NfeConsultaDest"><retConsNFeDest xmlns="http://www.portalfiscal.inf.br/nfe" versao="1.01"><tpAmb>1</tpAmb><verAplic>1.1.0</verAplic><cStat>137</cStat><xMotivo>Nenhum documento localizado para o destinatario</xMotivo><dhResp>2014-03-14T14:24:08</dhResp><indCont>1</indCont><ultNSU>9366036042</ultNSU></retConsNFeDest></nfeConsultaNFDestResult></soap:Body></soap:Envelope></pesquisa><pesquisa num="45"><soap:Envelope xmlns:soap="http://www.w3.org/2003/05/soap-envelope" xmlns:xsi="http://www.w3.org/2001/XMLSchema-instance" xmlns:xsd="http://www.w3.org/2001/XMLSchema"><soap:Body><nfeConsultaNFDestResult xmlns="http://www.portalfiscal.inf.br/nfe/wsdl/NfeConsultaDest"><retConsNFeDest xmlns="http://www.portalfiscal.inf.br/nfe" versao="1.01"><tpAmb>1</tpAmb><verAplic>1.1.0</verAplic><cStat>138</cStat><xMotivo>Documento localizado para o destinatario</xMotivo><dhResp>2014-03-14T14:24:13</dhResp><indCont>1</indCont><ultNSU>9366536042</ultNSU><ret><resNFe NSU="9366495625"><chNFe>50140303681757000186550000000889671440040408</chNFe><CNPJ>03681757000186</CNPJ><xNome>AVANTI IND COM IMP E EXP LTDA</xNome><IE>283131004</IE><dEmi>2014-03-11</dEmi><tpNF>1</tpNF><vNF>6510.00</vNF><digVal>l2KICn49MpBW1TFd2iJQwbCGnew=</digVal><dhRecbto>2014-03-11T21:09:22</dhRecbto><cSitNFe>1</cSitNFe><cSitConf>0</cSitConf></resNFe></ret><ret><resNFe NSU="9366496736"><chNFe>50140303681757000186550000000889731050660000</chNFe><CNPJ>03681757000186</CNPJ><xNome>AVANTI IND COM IMP E EXP LTDA</xNome><IE>283131004</IE><dEmi>2014-03-11</dEmi><tpNF>1</tpNF><vNF>697.50</vNF><digVal>pMk1Z0uAfHopz/Wma5UmaJjlLY0=</digVal><dhRecbto>2014-03-11T21:09:30</dhRecbto><cSitNFe>1</cSitNFe><cSitConf>0</cSitConf></resNFe></ret></retConsNFeDest></nfeConsultaNFDestResult></soap:Body></soap:Envelope></pesquisa><pesquisa num="46"><soap:Envelope xmlns:soap="http://www.w3.org/2003/05/soap-envelope" xmlns:xsi="http://www.w3.org/2001/XMLSchema-instance" xmlns:xsd="http://www.w3.org/2001/XMLSchema"><soap:Body><nfeConsultaNFDestResult xmlns="http://www.portalfiscal.inf.br/nfe/wsdl/NfeConsultaDest"><retConsNFeDest xmlns="http://www.portalfiscal.inf.br/nfe" versao="1.01"><tpAmb>1</tpAmb><verAplic>1.1.0</verAplic><cStat>137</cStat><xMotivo>Nenhum documento localizado para o destinatario</xMotivo><dhResp>2014-03-14T14:24:19</dhResp><indCont>1</indCont><ultNSU>9366996736</ultNSU></retConsNFeDest></nfeConsultaNFDestResult></soap:Body></soap:Envelope></pesquisa><pesquisa num="47"><soap:Envelope xmlns:soap="http://www.w3.org/2003/05/soap-envelope" xmlns:xsi="http://www.w3.org/2001/XMLSchema-instance" xmlns:xsd="http://www.w3.org/2001/XMLSchema"><soap:Body><nfeConsultaNFDestResult xmlns="http://www.portalfiscal.inf.br/nfe/wsdl/NfeConsultaDest"><retConsNFeDest xmlns="http://www.portalfiscal.inf.br/nfe" versao="1.01"><tpAmb>1</tpAmb><verAplic>1.1.0</verAplic><cStat>138</cStat><xMotivo>Documento localizado para o destinatario</xMotivo><dhResp>2014-03-14T14:24:24</dhResp><indCont>1</indCont><ultNSU>9367496736</ultNSU><ret><resNFe NSU="9367042835"><chNFe>35140361116331000186550010033827871201403125</chNFe><CNPJ>61116331000186</CNPJ><xNome>SA FABRICA DE PRODUTOS ALIMENTICIOS VIGOR</xNome><IE>100422192111</IE><dEmi>2014-03-12</dEmi><tpNF>1</tpNF><vNF>205.80</vNF><digVal>l7olChnhXVzDjSagxmhkVsVXXJ0=</digVal><dhRecbto>2014-03-12T00:25:54</dhRecbto><cSitNFe>1</cSitNFe><cSitConf>0</cSitConf></resNFe></ret></retConsNFeDest></nfeConsultaNFDestResult></soap:Body></soap:Envelope></pesquisa><pesquisa num="48"><soap:Envelope xmlns:soap="http://www.w3.org/2003/05/soap-envelope" xmlns:xsi="http://www.w3.org/2001/XMLSchema-instance" xmlns:xsd="http://www.w3.org/2001/XMLSchema"><soap:Body><nfeConsultaNFDestResult xmlns="http://www.portalfiscal.inf.br/nfe/wsdl/NfeConsultaDest"><retConsNFeDest xmlns="http://www.portalfiscal.inf.br/nfe" versao="1.01"><tpAmb>1</tpAmb><verAplic>1.1.0</verAplic><cStat>137</cStat><xMotivo>Nenhum documento localizado para o destinatario</xMotivo><dhResp>2014-03-14T14:24:30</dhResp><indCont>1</indCont><ultNSU>9367542835</ultNSU></retConsNFeDest></nfeConsultaNFDestResult></soap:Body></soap:Envelope></pesquisa><pesquisa num="49"><soap:Envelope xmlns:soap="http://www.w3.org/2003/05/soap-envelope" xmlns:xsi="http://www.w3.org/2001/XMLSchema-instance" xmlns:xsd="http://www.w3.org/2001/XMLSchema"><soap:Body><nfeConsultaNFDestResult xmlns="http://www.portalfiscal.inf.br/nfe/wsdl/NfeConsultaDest"><retConsNFeDest xmlns="http://www.portalfiscal.inf.br/nfe" versao="1.01"><tpAmb>1</tpAmb><verAplic>1.1.0</verAplic><cStat>137</cStat><xMotivo>Nenhum documento localizado para o destinatario</xMotivo><dhResp>2014-03-14T14:24:35</dhResp><indCont>1</indCont><ultNSU>9368042835</ultNSU></retConsNFeDest></nfeConsultaNFDestResult></soap:Body></soap:Envelope></pesquisa><pesquisa num="50"><soap:Envelope xmlns:soap="http://www.w3.org/2003/05/soap-envelope" xmlns:xsi="http://www.w3.org/2001/XMLSchema-instance" xmlns:xsd="http://www.w3.org/2001/XMLSchema"><soap:Body><nfeConsultaNFDestResult xmlns="http://www.portalfiscal.inf.br/nfe/wsdl/NfeConsultaDest"><retConsNFeDest xmlns="http://www.portalfiscal.inf.br/nfe" versao="1.01"><tpAmb>1</tpAmb><verAplic>1.1.0</verAplic><cStat>137</cStat><xMotivo>Nenhum documento localizado para o destinatario</xMotivo><dhResp>2014-03-14T14:24:41</dhResp><indCont>1</indCont><ultNSU>9368542835</ultNSU></retConsNFeDest></nfeConsultaNFDestResult></soap:Body></soap:Envelope></pesquisa><pesquisa num="51"><soap:Envelope xmlns:soap="http://www.w3.org/2003/05/soap-envelope" xmlns:xsi="http://www.w3.org/2001/XMLSchema-instance" xmlns:xsd="http://www.w3.org/2001/XMLSchema"><soap:Body><nfeConsultaNFDestResult xmlns="http://www.portalfiscal.inf.br/nfe/wsdl/NfeConsultaDest"><retConsNFeDest xmlns="http://www.portalfiscal.inf.br/nfe" versao="1.01"><tpAmb>1</tpAmb><verAplic>1.1.0</verAplic><cStat>137</cStat><xMotivo>Nenhum documento localizado para o destinatario</xMotivo><dhResp>2014-03-14T14:24:46</dhResp><indCont>1</indCont><ultNSU>9369042835</ultNSU></retConsNFeDest></nfeConsultaNFDestResult></soap:Body></soap:Envelope></pesquisa><pesquisa num="52"><soap:Envelope xmlns:soap="http://www.w3.org/2003/05/soap-envelope" xmlns:xsi="http://www.w3.org/2001/XMLSchema-instance" xmlns:xsd="http://www.w3.org/2001/XMLSchema"><soap:Body><nfeConsultaNFDestResult xmlns="http://www.portalfiscal.inf.br/nfe/wsdl/NfeConsultaDest"><retConsNFeDest xmlns="http://www.portalfiscal.inf.br/nfe" versao="1.01"><tpAmb>1</tpAmb><verAplic>1.1.0</verAplic><cStat>138</cStat><xMotivo>Documento localizado para o destinatario</xMotivo><dhResp>2014-03-14T14:24:51</dhResp><indCont>1</indCont><ultNSU>9369542835</ultNSU><ret><resCCe NSU="9369162193"><chNFe>35140371784664000137550030000070111909375505</chNFe><dhEvento>2014-03-12T09:13:56-03:00</dhEvento><tpEvento>110110</tpEvento><nSeqEvento>2</nSeqEvento><descEvento>Carta de Correcao</descEvento><xCorrecao>CFOP CORRETA, REFERENTE À  NFE  7011  DE 11/03/2014:        512</xCorrecao><tpNF>1</tpNF><dhRecbto>2014-03-11T16:07:44</dhRecbto></resCCe></ret><ret><resNFe NSU="9369210702"><chNFe>35140308754767000118550000000093151000038710</chNFe><CNPJ>08754767000118</CNPJ><xNome>LINCE TEXTIL LTDA - EPP</xNome><IE>149643458118</IE><dEmi>2014-03-12</dEmi><tpNF>1</tpNF><vNF>7293.23</vNF><digVal>Tyq3aQMH+dY6WS4SrmE4NUXYvmg=</digVal><dhRecbto>2014-03-12T09:15:19</dhRecbto><cSitNFe>1</cSitNFe><cSitConf>0</cSitConf></resNFe></ret></retConsNFeDest></nfeConsultaNFDestResult></soap:Body></soap:Envelope></pesquisa><pesquisa num="53"><soap:Envelope xmlns:soap="http://www.w3.org/2003/05/soap-envelope" xmlns:xsi="http://www.w3.org/2001/XMLSchema-instance" xmlns:xsd="http://www.w3.org/2001/XMLSchema"><soap:Body><nfeConsultaNFDestResult xmlns="http://www.portalfiscal.inf.br/nfe/wsdl/NfeConsultaDest"><retConsNFeDest xmlns="http://www.portalfiscal.inf.br/nfe" versao="1.01"><tpAmb>1</tpAmb><verAplic>1.1.0</verAplic><cStat>137</cStat><xMotivo>Nenhum documento localizado para o destinatario</xMotivo><dhResp>2014-03-14T14:24:57</dhResp><indCont>1</indCont><ultNSU>9369710702</ultNSU></retConsNFeDest></nfeConsultaNFDestResult></soap:Body></soap:Envelope></pesquisa><pesquisa num="54"><soap:Envelope xmlns:soap="http://www.w3.org/2003/05/soap-envelope" xmlns:xsi="http://www.w3.org/2001/XMLSchema-instance" xmlns:xsd="http://www.w3.org/2001/XMLSchema"><soap:Body><nfeConsultaNFDestResult xmlns="http://www.portalfiscal.inf.br/nfe/wsdl/NfeConsultaDest"><retConsNFeDest xmlns="http://www.portalfiscal.inf.br/nfe" versao="1.01"><tpAmb>1</tpAmb><verAplic>1.1.0</verAplic><cStat>137</cStat><xMotivo>Nenhum documento localizado para o destinatario</xMotivo><dhResp>2014-03-14T14:25:02</dhResp><indCont>1</indCont><ultNSU>9370210702</ultNSU></retConsNFeDest></nfeConsultaNFDestResult></soap:Body></soap:Envelope></pesquisa><pesquisa num="55"><soap:Envelope xmlns:soap="http://www.w3.org/2003/05/soap-envelope" xmlns:xsi="http://www.w3.org/2001/XMLSchema-instance" xmlns:xsd="http://www.w3.org/2001/XMLSchema"><soap:Body><nfeConsultaNFDestResult xmlns="http://www.portalfiscal.inf.br/nfe/wsdl/NfeConsultaDest"><retConsNFeDest xmlns="http://www.portalfiscal.inf.br/nfe" versao="1.01"><tpAmb>1</tpAmb><verAplic>1.1.0</verAplic><cStat>138</cStat><xMotivo>Documento localizado para o destinatario</xMotivo><dhResp>2014-03-14T14:25:08</dhResp><indCont>1</indCont><ultNSU>9370710702</ultNSU><ret><resNFe NSU="9370528700"><chNFe>35140315179682002324550010000780381643656314</chNFe><CNPJ>15179682002324</CNPJ><xNome>RHODIA POLIAMIDA E ESPECIALIDADES L</xNome><IE>392000706118</IE><dEmi>2014-03-12</dEmi><tpNF>1</tpNF><vNF>45271.19</vNF><digVal>KwW6PcQzEbtnLbJI03rs3w9NFOQ=</digVal><dhRecbto>2014-03-12T11:08:28</dhRecbto><cSitNFe>1</cSitNFe><cSitConf>0</cSitConf></resNFe></ret></retConsNFeDest></nfeConsultaNFDestResult></soap:Body></soap:Envelope></pesquisa><pesquisa num="56"><soap:Envelope xmlns:soap="http://www.w3.org/2003/05/soap-envelope" xmlns:xsi="http://www.w3.org/2001/XMLSchema-instance" xmlns:xsd="http://www.w3.org/2001/XMLSchema"><soap:Body><nfeConsultaNFDestResult xmlns="http://www.portalfiscal.inf.br/nfe/wsdl/NfeConsultaDest"><retConsNFeDest xmlns="http://www.portalfiscal.inf.br/nfe" versao="1.01"><tpAmb>1</tpAmb><verAplic>1.1.0</verAplic><cStat>138</cStat><xMotivo>Documento localizado para o destinatario</xMotivo><dhResp>2014-03-14T14:25:13</dhResp><indCont>1</indCont><ultNSU>9371028700</ultNSU><ret><resNFe NSU="9370722158"><chNFe>35140312509676000194550010000007911094300080</chNFe><CNPJ>12509676000194</CNPJ><xNome>JULIANA GAMA</xNome><IE>147461185111</IE><dEmi>2014-03-12</dEmi><tpNF>1</tpNF><vNF>2400.00</vNF><digVal>vj06Z+sr88jYKI9ynswiXGf7GI8=</digVal><dhRecbto>2014-03-12T11:32:47</dhRecbto><cSitNFe>1</cSitNFe><cSitConf>0</cSitConf></resNFe></ret><ret><resCCe NSU="9370795008"><chNFe>50140303681757000186550000000889671440040408</chNFe><dhEvento>2014-03-12T10:53:16-03:00</dhEvento><tpEvento>110110</tpEvento><nSeqEvento>1</nSeqEvento><descEvento>Carta de Correcao</descEvento><xCorrecao>IRREGULARIDADE: Transportadora/Dados do transportador. CONSIDERAR: TRANSGUAÇUANO TRANSPORTES LTDA, AV YOUSSEF AHMAD EL JAROUCHE, S/N, BAIRRO DISTRISTO INDUSTRIAL II, TRES LAGOAS/MS (CNPJ 49.612.377/0008-67, INSCRICAO ESTADUAL 28.368.280-9). IRREGULARIDADE: Dados Adicionais / Informações Complementares de interesse do contribuinte. CONSIDERAR: Redespacho: (838)- TRANSPORTADORA CAMPINENSE LTDA - EPP, RUA DOMINGOS PACHECO, 59, QD 4 L 4, SÃO PAULO-SP,CNPJ 05.169.983/0002-99 IE 116.519.145.111,/ REDESPACHO POR CONTA DO EMITENTE / DESCONSIDERAR: Icms s/Transp Retido pelo Remetente BC R$: 960,00 Vr Icms R$: 115,20.</xCorrecao><tpNF>1</tpNF><dhRecbto>2014-03-11T21:09:22</dhRecbto></resCCe></ret><ret><resCCe NSU="9370828490"><chNFe>50140303681757000186550000000889731050660000</chNFe><dhEvento>2014-03-12T10:55:52-03:00</dhEvento><tpEvento>110110</tpEvento><nSeqEvento>1</nSeqEvento><descEvento>Carta de Correcao</descEvento><xCorrecao>IRREGULARIDADE: Transportadora/Dados do transportador. CONSIDERAR: TRANSGUAÇUANO TRANSPORTES LTDA, AV YOUSSEF AHMAD EL JAROUCHE, S/N, BAIRRO DISTRISTO INDUSTRIAL II, TRES LAGOAS/MS (CNPJ 49.612.377/0008-67, INSCRICAO ESTADUAL 28.368.280-9). IRREGULARIDADE: Dados Adicionais / Informações Complementares de interesse do contribuinte. CONSIDERAR: Redespacho: (838)- TRANSPORTADORA CAMPINENSE LTDA - EPP, RUA DOMINGOS PACHECO, 59, QD 4 L 4, SÃO PAULO-SP,CNPJ 05.169.983/0002-99 IE 116.519.145.111,/ REDESPACHO POR CONTA DO EMITENTE / DESCONSIDERAR: Icms s/Transp Retido pelo Remetente BC R$: 960,00 Vr Icms R$: 115,20.</xCorrecao><tpNF>1</tpNF><dhRecbto>2014-03-11T21:09:30</dhRecbto></resCCe></ret></retConsNFeDest></nfeConsultaNFDestResult></soap:Body></soap:Envelope></pesquisa><pesquisa num="57"><soap:Envelope xmlns:soap="http://www.w3.org/2003/05/soap-envelope" xmlns:xsi="http://www.w3.org/2001/XMLSchema-instance" xmlns:xsd="http://www.w3.org/2001/XMLSchema"><soap:Body><nfeConsultaNFDestResult xmlns="http://www.portalfiscal.inf.br/nfe/wsdl/NfeConsultaDest"><retConsNFeDest xmlns="http://www.portalfiscal.inf.br/nfe" versao="1.01"><tpAmb>1</tpAmb><verAplic>1.1.0</verAplic><cStat>138</cStat><xMotivo>Documento localizado para o destinatario</xMotivo><dhResp>2014-03-14T14:25:19</dhResp><indCont>1</indCont><ultNSU>9371222158</ultNSU><ret><resCCe NSU="9370795008"><chNFe>50140303681757000186550000000889671440040408</chNFe><dhEvento>2014-03-12T10:53:16-03:00</dhEvento><tpEvento>110110</tpEvento><nSeqEvento>1</nSeqEvento><descEvento>Carta de Correcao</descEvento><xCorrecao>IRREGULARIDADE: Transportadora/Dados do transportador. CONSIDERAR: TRANSGUAÇUANO TRANSPORTES LTDA, AV YOUSSEF AHMAD EL JAROUCHE, S/N, BAIRRO DISTRISTO INDUSTRIAL II, TRES LAGOAS/MS (CNPJ 49.612.377/0008-67, INSCRICAO ESTADUAL 28.368.280-9). IRREGULARIDADE: Dados Adicionais / Informações Complementares de interesse do contribuinte. CONSIDERAR: Redespacho: (838)- TRANSPORTADORA CAMPINENSE LTDA - EPP, RUA DOMINGOS PACHECO, 59, QD 4 L 4, SÃO PAULO-SP,CNPJ 05.169.983/0002-99 IE 116.519.145.111,/ REDESPACHO POR CONTA DO EMITENTE / DESCONSIDERAR: Icms s/Transp Retido pelo Remetente BC R$: 960,00 Vr Icms R$: 115,20.</xCorrecao><tpNF>1</tpNF><dhRecbto>2014-03-11T21:09:22</dhRecbto></resCCe></ret><ret><resCCe NSU="9370828490"><chNFe>50140303681757000186550000000889731050660000</chNFe><dhEvento>2014-03-12T10:55:52-03:00</dhEvento><tpEvento>110110</tpEvento><nSeqEvento>1</nSeqEvento><descEvento>Carta de Correcao</descEvento><xCorrecao>IRREGULARIDADE: Transportadora/Dados do transportador. CONSIDERAR: TRANSGUAÇUANO TRANSPORTES LTDA, AV YOUSSEF AHMAD EL JAROUCHE, S/N, BAIRRO DISTRISTO INDUSTRIAL II, TRES LAGOAS/MS (CNPJ 49.612.377/0008-67, INSCRICAO ESTADUAL 28.368.280-9). IRREGULARIDADE: Dados Adicionais / Informações Complementares de interesse do contribuinte. CONSIDERAR: Redespacho: (838)- TRANSPORTADORA CAMPINENSE LTDA - EPP, RUA DOMINGOS PACHECO, 59, QD 4 L 4, SÃO PAULO-SP,CNPJ 05.169.983/0002-99 IE 116.519.145.111,/ REDESPACHO POR CONTA DO EMITENTE / DESCONSIDERAR: Icms s/Transp Retido pelo Remetente BC R$: 960,00 Vr Icms R$: 115,20.</xCorrecao><tpNF>1</tpNF><dhRecbto>2014-03-11T21:09:30</dhRecbto></resCCe></ret></retConsNFeDest></nfeConsultaNFDestResult></soap:Body></soap:Envelope></pesquisa><pesquisa num="58"><soap:Envelope xmlns:soap="http://www.w3.org/2003/05/soap-envelope" xmlns:xsi="http://www.w3.org/2001/XMLSchema-instance" xmlns:xsd="http://www.w3.org/2001/XMLSchema"><soap:Body><nfeConsultaNFDestResult xmlns="http://www.portalfiscal.inf.br/nfe/wsdl/NfeConsultaDest"><retConsNFeDest xmlns="http://www.portalfiscal.inf.br/nfe" versao="1.01"><tpAmb>1</tpAmb><verAplic>1.1.0</verAplic><cStat>138</cStat><xMotivo>Documento localizado para o destinatario</xMotivo><dhResp>2014-03-14T14:25:25</dhResp><indCont>1</indCont><ultNSU>9371722158</ultNSU><ret><resNFe NSU="9371708492"><chNFe>35140343651066000154550000000181801133238120</chNFe><CNPJ>43651066000154</CNPJ><xNome>SEIREN DO BRASIL INDUSTRIA TEXTIL LTDA</xNome><IE>669063034115</IE><dEmi>2014-03-12</dEmi><tpNF>1</tpNF><vNF>21088.88</vNF><digVal>D1I7RuU7UiiubTVMhrnFwuwCZCo=</digVal><dhRecbto>2014-03-12T13:31:00</dhRecbto><cSitNFe>1</cSitNFe><cSitConf>0</cSitConf></resNFe></ret><ret><resNFe NSU="9371709129"><chNFe>35140343651066000154550000000181821133240120</chNFe><CNPJ>43651066000154</CNPJ><xNome>SEIREN DO BRASIL INDUSTRIA TEXTIL LTDA</xNome><IE>669063034115</IE><dEmi>2014-03-12</dEmi><tpNF>1</tpNF><vNF>2632.00</vNF><digVal>SJJshu1gP+/7rQM2f7wjqXfl50k=</digVal><dhRecbto>2014-03-12T13:31:04</dhRecbto><cSitNFe>1</cSitNFe><cSitConf>0</cSitConf></resNFe></ret><ret><resNFe NSU="9371709317"><chNFe>35140343651066000154550000000181811133239124</chNFe><CNPJ>43651066000154</CNPJ><xNome>SEIREN DO BRASIL INDUSTRIA TEXTIL LTDA</xNome><IE>669063034115</IE><dEmi>2014-03-12</dEmi><tpNF>1</tpNF><vNF>27765.12</vNF><digVal>dV7B9+p65UvYmnt6rWTmhYbUuUE=</digVal><dhRecbto>2014-03-12T13:31:02</dhRecbto><cSitNFe>1</cSitNFe><cSitConf>0</cSitConf></resNFe></ret></retConsNFeDest></nfeConsultaNFDestResult></soap:Body></soap:Envelope></pesquisa><pesquisa num="59"><soap:Envelope xmlns:soap="http://www.w3.org/2003/05/soap-envelope" xmlns:xsi="http://www.w3.org/2001/XMLSchema-instance" xmlns:xsd="http://www.w3.org/2001/XMLSchema"><soap:Body><nfeConsultaNFDestResult xmlns="http://www.portalfiscal.inf.br/nfe/wsdl/NfeConsultaDest"><retConsNFeDest xmlns="http://www.portalfiscal.inf.br/nfe" versao="1.01"><tpAmb>1</tpAmb><verAplic>1.1.0</verAplic><cStat>138</cStat><xMotivo>Documento localizado para o destinatario</xMotivo><dhResp>2014-03-14T14:25:30</dhResp><indCont>1</indCont><ultNSU>9372209317</ultNSU><ret><resNFe NSU="9372072265"><chNFe>35140311290482000188550010000078411030000902</chNFe><CNPJ>11290482000188</CNPJ><xNome>MAVELLO TEXTIL INDUSTRIA E COMERCIO DE MALHAS LTDA</xNome><IE>148870628115</IE><dEmi>2014-03-12</dEmi><tpNF>1</tpNF><vNF>117.00</vNF><digVal>hxou4WNhvJAUtzSg3Vg/7xe3mHk=</digVal><dhRecbto>2014-03-12T14:03:46</dhRecbto><cSitNFe>1</cSitNFe><cSitConf>0</cSitConf></resNFe></ret><ret><resNFe NSU="9372081284"><chNFe>35140311290482000188550010000078421502004806</chNFe><CNPJ>11290482000188</CNPJ><xNome>MAVELLO TEXTIL INDUSTRIA E COMERCIO DE MALHAS LTDA</xNome><IE>148870628115</IE><dEmi>2014-03-12</dEmi><tpNF>1</tpNF><vNF>417.38</vNF><digVal>vWDCS6SKWBl2mj1TymEhGIIPW60=</digVal><dhRecbto>2014-03-12T14:04:29</dhRecbto><cSitNFe>1</cSitNFe><cSitConf>0</cSitConf></resNFe></ret><ret><resNFe NSU="9372130202"><chNFe>35140311290482000188550010000078431016795000</chNFe><CNPJ>11290482000188</CNPJ><xNome>MAVELLO TEXTIL INDUSTRIA E COMERCIO DE MALHAS LTDA</xNome><IE>148870628115</IE><dEmi>2014-03-12</dEmi><tpNF>1</tpNF><vNF>204.75</vNF><digVal>umdsv5X1gDWJF/xWsiFwxPj1AGk=</digVal><dhRecbto>2014-03-12T14:08:42</dhRecbto><cSitNFe>1</cSitNFe><cSitConf>0</cSitConf></resNFe></ret></retConsNFeDest></nfeConsultaNFDestResult></soap:Body></soap:Envelope></pesquisa><pesquisa num="60"><soap:Envelope xmlns:soap="http://www.w3.org/2003/05/soap-envelope" xmlns:xsi="http://www.w3.org/2001/XMLSchema-instance" xmlns:xsd="http://www.w3.org/2001/XMLSchema"><soap:Body><nfeConsultaNFDestResult xmlns="http://www.portalfiscal.inf.br/nfe/wsdl/NfeConsultaDest"><retConsNFeDest xmlns="http://www.portalfiscal.inf.br/nfe" versao="1.01"><tpAmb>1</tpAmb><verAplic>1.1.0</verAplic><cStat>138</cStat><xMotivo>Documento localizado para o destinatario</xMotivo><dhResp>2014-03-14T14:25:36</dhResp><indCont>1</indCont><ultNSU>9372630202</ultNSU><ret><resNFe NSU="9372418789"><chNFe>35140311290482000188550010000078441000090000</chNFe><CNPJ>11290482000188</CNPJ><xNome>MAVELLO TEXTIL INDUSTRIA E COMERCIO DE MALHAS LTDA</xNome><IE>148870628115</IE><dEmi>2014-03-12</dEmi><tpNF>1</tpNF><vNF>1350.82</vNF><digVal>embfC3Hf1t5q3Ctm6e77vo/GgiA=</digVal><dhRecbto>2014-03-12T14:30:45</dhRecbto><cSitNFe>1</cSitNFe><cSitConf>0</cSitConf></resNFe></ret><ret><resNFe NSU="9372435089"><chNFe>35140311290482000188550010000078451704050452</chNFe><CNPJ>11290482000188</CNPJ><xNome>MAVELLO TEXTIL INDUSTRIA E COMERCIO DE MALHAS LTDA</xNome><IE>148870628115</IE><dEmi>2014-03-12</dEmi><tpNF>1</tpNF><vNF>4808.59</vNF><digVal>pto7hDBTD82FlSE6R84ExrMXxvc=</digVal><dhRecbto>2014-03-12T14:31:32</dhRecbto><cSitNFe>1</cSitNFe><cSitConf>0</cSitConf></resNFe></ret><ret><resNFe NSU="9372552483"><chNFe>35140311290482000188550010000078461001603528</chNFe><CNPJ>11290482000188</CNPJ><xNome>MAVELLO TEXTIL INDUSTRIA E COMERCIO DE MALHAS LTDA</xNome><IE>148870628115</IE><dEmi>2014-03-12</dEmi><tpNF>1</tpNF><vNF>248.00</vNF><digVal>SFt+rFN5Mt2mUO/PDAh6TAkBTdY=</digVal><dhRecbto>2014-03-12T14:37:27</dhRecbto><cSitNFe>1</cSitNFe><cSitConf>0</cSitConf></resNFe></ret></retConsNFeDest></nfeConsultaNFDestResult></soap:Body></soap:Envelope></pesquisa><pesquisa num="61"><soap:Envelope xmlns:soap="http://www.w3.org/2003/05/soap-envelope" xmlns:xsi="http://www.w3.org/2001/XMLSchema-instance" xmlns:xsd="http://www.w3.org/2001/XMLSchema"><soap:Body><nfeConsultaNFDestResult xmlns="http://www.portalfiscal.inf.br/nfe/wsdl/NfeConsultaDest"><retConsNFeDest xmlns="http://www.portalfiscal.inf.br/nfe" versao="1.01"><tpAmb>1</tpAmb><verAplic>1.1.0</verAplic><cStat>137</cStat><xMotivo>Nenhum documento localizado para o destinatario</xMotivo><dhResp>2014-03-14T14:25:41</dhResp><indCont>1</indCont><ultNSU>9373052483</ultNSU></retConsNFeDest></nfeConsultaNFDestResult></soap:Body></soap:Envelope></pesquisa><pesquisa num="62"><soap:Envelope xmlns:soap="http://www.w3.org/2003/05/soap-envelope" xmlns:xsi="http://www.w3.org/2001/XMLSchema-instance" xmlns:xsd="http://www.w3.org/2001/XMLSchema"><soap:Body><nfeConsultaNFDestResult xmlns="http://www.portalfiscal.inf.br/nfe/wsdl/NfeConsultaDest"><retConsNFeDest xmlns="http://www.portalfiscal.inf.br/nfe" versao="1.01"><tpAmb>1</tpAmb><verAplic>1.1.0</verAplic><cStat>137</cStat><xMotivo>Nenhum documento localizado para o destinatario</xMotivo><dhResp>2014-03-14T14:25:46</dhResp><indCont>1</indCont><ultNSU>9373552483</ultNSU></retConsNFeDest></nfeConsultaNFDestResult></soap:Body></soap:Envelope></pesquisa><pesquisa num="63"><soap:Envelope xmlns:soap="http://www.w3.org/2003/05/soap-envelope" xmlns:xsi="http://www.w3.org/2001/XMLSchema-instance" xmlns:xsd="http://www.w3.org/2001/XMLSchema"><soap:Body><nfeConsultaNFDestResult xmlns="http://www.portalfiscal.inf.br/nfe/wsdl/NfeConsultaDest"><retConsNFeDest xmlns="http://www.portalfiscal.inf.br/nfe" versao="1.01"><tpAmb>1</tpAmb><verAplic>1.1.0</verAplic><cStat>137</cStat><xMotivo>Nenhum documento localizado para o destinatario</xMotivo><dhResp>2014-03-14T14:25:52</dhResp><indCont>1</indCont><ultNSU>9374052483</ultNSU></retConsNFeDest></nfeConsultaNFDestResult></soap:Body></soap:Envelope></pesquisa><pesquisa num="64"><soap:Envelope xmlns:soap="http://www.w3.org/2003/05/soap-envelope" xmlns:xsi="http://www.w3.org/2001/XMLSchema-instance" xmlns:xsd="http://www.w3.org/2001/XMLSchema"><soap:Body><nfeConsultaNFDestResult xmlns="http://www.portalfiscal.inf.br/nfe/wsdl/NfeConsultaDest"><retConsNFeDest xmlns="http://www.portalfiscal.inf.br/nfe" versao="1.01"><tpAmb>1</tpAmb><verAplic>1.1.0</verAplic><cStat>138</cStat><xMotivo>Documento localizado para o destinatario</xMotivo><dhResp>2014-03-14T14:25:57</dhResp><indCont>1</indCont><ultNSU>9374552483</ultNSU><ret><resNFe NSU="9374322840"><chNFe>35140371805063000163550010000151691010188390</chNFe><CNPJ>71805063000163</CNPJ><xNome>DITIN INDUSTRIA TEXTIL LTDA</xNome><IE>734001594115</IE><dEmi>2014-03-12</dEmi><tpNF>1</tpNF><vNF>15703.43</vNF><digVal>7ldtaIEYBb9HxYWiGJ8wPwm0z9Q=</digVal><dhRecbto>2014-03-12T16:14:20</dhRecbto><cSitNFe>1</cSitNFe><cSitConf>0</cSitConf></resNFe></ret></retConsNFeDest></nfeConsultaNFDestResult></soap:Body></soap:Envelope></pesquisa><pesquisa num="65"><soap:Envelope xmlns:soap="http://www.w3.org/2003/05/soap-envelope" xmlns:xsi="http://www.w3.org/2001/XMLSchema-instance" xmlns:xsd="http://www.w3.org/2001/XMLSchema"><soap:Body><nfeConsultaNFDestResult xmlns="http://www.portalfiscal.inf.br/nfe/wsdl/NfeConsultaDest"><retConsNFeDest xmlns="http://www.portalfiscal.inf.br/nfe" versao="1.01"><tpAmb>1</tpAmb><verAplic>1.1.0</verAplic><cStat>137</cStat><xMotivo>Nenhum documento localizado para o destinatario</xMotivo><dhResp>2014-03-14T14:26:02</dhResp><indCont>1</indCont><ultNSU>9374822840</ultNSU></retConsNFeDest></nfeConsultaNFDestResult></soap:Body></soap:Envelope></pesquisa><pesquisa num="66"><soap:Envelope xmlns:soap="http://www.w3.org/2003/05/soap-envelope" xmlns:xsi="http://www.w3.org/2001/XMLSchema-instance" xmlns:xsd="http://www.w3.org/2001/XMLSchema"><soap:Body><nfeConsultaNFDestResult xmlns="http://www.portalfiscal.inf.br/nfe/wsdl/NfeConsultaDest"><retConsNFeDest xmlns="http://www.portalfiscal.inf.br/nfe" versao="1.01"><tpAmb>1</tpAmb><verAplic>1.1.0</verAplic><cStat>138</cStat><xMotivo>Documento localizado para o destinatario</xMotivo><dhResp>2014-03-14T14:26:08</dhResp><indCont>1</indCont><ultNSU>9375322840</ultNSU><ret><resNFe NSU="9375197359"><chNFe>35140304479137000121550100003526191009132708</chNFe><CNPJ>04479137000121</CNPJ><xNome>DATASUPRI DISTRIBUIDORA LTDA.</xNome><IE>116155862119</IE><dEmi>2014-03-12</dEmi><tpNF>1</tpNF><vNF>381.11</vNF><digVal>2ggIDnXPFdl/YwEFZEFxfqRxtDQ=</digVal><dhRecbto>2014-03-12T17:33:51</dhRecbto><cSitNFe>1</cSitNFe><cSitConf>0</cSitConf></resNFe></ret></retConsNFeDest></nfeConsultaNFDestResult></soap:Body></soap:Envelope></pesquisa><pesquisa num="67"><soap:Envelope xmlns:soap="http://www.w3.org/2003/05/soap-envelope" xmlns:xsi="http://www.w3.org/2001/XMLSchema-instance" xmlns:xsd="http://www.w3.org/2001/XMLSchema"><soap:Body><nfeConsultaNFDestResult xmlns="http://www.portalfiscal.inf.br/nfe/wsdl/NfeConsultaDest"><retConsNFeDest xmlns="http://www.portalfiscal.inf.br/nfe" versao="1.01"><tpAmb>1</tpAmb><verAplic>1.1.0</verAplic><cStat>137</cStat><xMotivo>Nenhum documento localizado para o destinatario</xMotivo><dhResp>2014-03-14T14:26:13</dhResp><indCont>1</indCont><ultNSU>9375697359</ultNSU></retConsNFeDest></nfeConsultaNFDestResult></soap:Body></soap:Envelope></pesquisa><pesquisa num="68"><soap:Envelope xmlns:soap="http://www.w3.org/2003/05/soap-envelope" xmlns:xsi="http://www.w3.org/2001/XMLSchema-instance" xmlns:xsd="http://www.w3.org/2001/XMLSchema"><soap:Body><nfeConsultaNFDestResult xmlns="http://www.portalfiscal.inf.br/nfe/wsdl/NfeConsultaDest"><retConsNFeDest xmlns="http://www.portalfiscal.inf.br/nfe" versao="1.01"><tpAmb>1</tpAmb><verAplic>1.1.0</verAplic><cStat>137</cStat><xMotivo>Nenhum documento localizado para o destinatario</xMotivo><dhResp>2014-03-14T14:26:19</dhResp><indCont>1</indCont><ultNSU>9376197359</ultNSU></retConsNFeDest></nfeConsultaNFDestResult></soap:Body></soap:Envelope></pesquisa><pesquisa num="69"><soap:Envelope xmlns:soap="http://www.w3.org/2003/05/soap-envelope" xmlns:xsi="http://www.w3.org/2001/XMLSchema-instance" xmlns:xsd="http://www.w3.org/2001/XMLSchema"><soap:Body><nfeConsultaNFDestResult xmlns="http://www.portalfiscal.inf.br/nfe/wsdl/NfeConsultaDest"><retConsNFeDest xmlns="http://www.portalfiscal.inf.br/nfe" versao="1.01"><tpAmb>1</tpAmb><verAplic>1.1.0</verAplic><cStat>137</cStat><xMotivo>Nenhum documento localizado para o destinatario</xMotivo><dhResp>2014-03-14T14:26:24</dhResp><indCont>1</indCont><ultNSU>9376697359</ultNSU></retConsNFeDest></nfeConsultaNFDestResult></soap:Body></soap:Envelope></pesquisa><pesquisa num="70"><soap:Envelope xmlns:soap="http://www.w3.org/2003/05/soap-envelope" xmlns:xsi="http://www.w3.org/2001/XMLSchema-instance" xmlns:xsd="http://www.w3.org/2001/XMLSchema"><soap:Body><nfeConsultaNFDestResult xmlns="http://www.portalfiscal.inf.br/nfe/wsdl/NfeConsultaDest"><retConsNFeDest xmlns="http://www.portalfiscal.inf.br/nfe" versao="1.01"><tpAmb>1</tpAmb><verAplic>1.1.0</verAplic><cStat>137</cStat><xMotivo>Nenhum documento localizado para o destinatario</xMotivo><dhResp>2014-03-14T14:26:30</dhResp><indCont>1</indCont><ultNSU>9377197359</ultNSU></retConsNFeDest></nfeConsultaNFDestResult></soap:Body></soap:Envelope></pesquisa><pesquisa num="71"><soap:Envelope xmlns:soap="http://www.w3.org/2003/05/soap-envelope" xmlns:xsi="http://www.w3.org/2001/XMLSchema-instance" xmlns:xsd="http://www.w3.org/2001/XMLSchema"><soap:Body><nfeConsultaNFDestResult xmlns="http://www.portalfiscal.inf.br/nfe/wsdl/NfeConsultaDest"><retConsNFeDest xmlns="http://www.portalfiscal.inf.br/nfe" versao="1.01"><tpAmb>1</tpAmb><verAplic>1.1.0</verAplic><cStat>137</cStat><xMotivo>Nenhum documento localizado para o destinatario</xMotivo><dhResp>2014-03-14T14:26:35</dhResp><indCont>1</indCont><ultNSU>9377697359</ultNSU></retConsNFeDest></nfeConsultaNFDestResult></soap:Body></soap:Envelope></pesquisa><pesquisa num="72"><soap:Envelope xmlns:soap="http://www.w3.org/2003/05/soap-envelope" xmlns:xsi="http://www.w3.org/2001/XMLSchema-instance" xmlns:xsd="http://www.w3.org/2001/XMLSchema"><soap:Body><nfeConsultaNFDestResult xmlns="http://www.portalfiscal.inf.br/nfe/wsdl/NfeConsultaDest"><retConsNFeDest xmlns="http://www.portalfiscal.inf.br/nfe" versao="1.01"><tpAmb>1</tpAmb><verAplic>1.1.0</verAplic><cStat>137</cStat><xMotivo>Nenhum documento localizado para o destinatario</xMotivo><dhResp>2014-03-14T14:26:41</dhResp><indCont>1</indCont><ultNSU>9378197359</ultNSU></retConsNFeDest></nfeConsultaNFDestResult></soap:Body></soap:Envelope></pesquisa><pesquisa num="73"><soap:Envelope xmlns:soap="http://www.w3.org/2003/05/soap-envelope" xmlns:xsi="http://www.w3.org/2001/XMLSchema-instance" xmlns:xsd="http://www.w3.org/2001/XMLSchema"><soap:Body><nfeConsultaNFDestResult xmlns="http://www.portalfiscal.inf.br/nfe/wsdl/NfeConsultaDest"><retConsNFeDest xmlns="http://www.portalfiscal.inf.br/nfe" versao="1.01"><tpAmb>1</tpAmb><verAplic>1.1.0</verAplic><cStat>137</cStat><xMotivo>Nenhum documento localizado para o destinatario</xMotivo><dhResp>2014-03-14T14:26:46</dhResp><indCont>1</indCont><ultNSU>9378697359</ultNSU></retConsNFeDest></nfeConsultaNFDestResult></soap:Body></soap:Envelope></pesquisa><pesquisa num="74"><soap:Envelope xmlns:soap="http://www.w3.org/2003/05/soap-envelope" xmlns:xsi="http://www.w3.org/2001/XMLSchema-instance" xmlns:xsd="http://www.w3.org/2001/XMLSchema"><soap:Body><nfeConsultaNFDestResult xmlns="http://www.portalfiscal.inf.br/nfe/wsdl/NfeConsultaDest"><retConsNFeDest xmlns="http://www.portalfiscal.inf.br/nfe" versao="1.01"><tpAmb>1</tpAmb><verAplic>1.1.0</verAplic><cStat>137</cStat><xMotivo>Nenhum documento localizado para o destinatario</xMotivo><dhResp>2014-03-14T14:26:52</dhResp><indCont>1</indCont><ultNSU>9379197359</ultNSU></retConsNFeDest></nfeConsultaNFDestResult></soap:Body></soap:Envelope></pesquisa><pesquisa num="75"><soap:Envelope xmlns:soap="http://www.w3.org/2003/05/soap-envelope" xmlns:xsi="http://www.w3.org/2001/XMLSchema-instance" xmlns:xsd="http://www.w3.org/2001/XMLSchema"><soap:Body><nfeConsultaNFDestResult xmlns="http://www.portalfiscal.inf.br/nfe/wsdl/NfeConsultaDest"><retConsNFeDest xmlns="http://www.portalfiscal.inf.br/nfe" versao="1.01"><tpAmb>1</tpAmb><verAplic>1.1.0</verAplic><cStat>137</cStat><xMotivo>Nenhum documento localizado para o destinatario</xMotivo><dhResp>2014-03-14T14:26:58</dhResp><indCont>1</indCont><ultNSU>9379697359</ultNSU></retConsNFeDest></nfeConsultaNFDestResult></soap:Body></soap:Envelope></pesquisa><pesquisa num="76"><soap:Envelope xmlns:soap="http://www.w3.org/2003/05/soap-envelope" xmlns:xsi="http://www.w3.org/2001/XMLSchema-instance" xmlns:xsd="http://www.w3.org/2001/XMLSchema"><soap:Body><nfeConsultaNFDestResult xmlns="http://www.portalfiscal.inf.br/nfe/wsdl/NfeConsultaDest"><retConsNFeDest xmlns="http://www.portalfiscal.inf.br/nfe" versao="1.01"><tpAmb>1</tpAmb><verAplic>1.1.0</verAplic><cStat>138</cStat><xMotivo>Documento localizado para o destinatario</xMotivo><dhResp>2014-03-14T14:27:03</dhResp><indCont>1</indCont><ultNSU>9380197359</ultNSU><ret><resNFe NSU="9379706885"><chNFe>35140310684343000176550010000001801106570049</chNFe><CNPJ>10684343000176</CNPJ><xNome>M.A.G. SERVIÇOS GRÁFICOS LTDA - ME</xNome><IE>148523760118</IE><dEmi>2014-03-13</dEmi><tpNF>1</tpNF><vNF>2150.00</vNF><digVal>i/xHiEOuBgNh9XfUcZagI/eilyo=</digVal><dhRecbto>2014-03-13T08:17:12</dhRecbto><cSitNFe>1</cSitNFe><cSitConf>0</cSitConf></resNFe></ret><ret><resNFe NSU="9380140232"><chNFe>35140304494204000187550010000013661063221179</chNFe><CNPJ>04494204000187</CNPJ><xNome>CUT SYSTEM CORTES E CONFECÇOES LTDA.</xNome><IE>116485170114</IE><dEmi>2014-03-13</dEmi><tpNF>1</tpNF><vNF>7067.66</vNF><digVal>U3hhW3n6mACBmb/tgWy9cX8/sYU=</digVal><dhRecbto>2014-03-13T08:59:02</dhRecbto><cSitNFe>1</cSitNFe><cSitConf>0</cSitConf></resNFe></ret></retConsNFeDest></nfeConsultaNFDestResult></soap:Body></soap:Envelope></pesquisa><pesquisa num="77"><soap:Envelope xmlns:soap="http://www.w3.org/2003/05/soap-envelope" xmlns:xsi="http://www.w3.org/2001/XMLSchema-instance" xmlns:xsd="http://www.w3.org/2001/XMLSchema"><soap:Body><nfeConsultaNFDestResult xmlns="http://www.portalfiscal.inf.br/nfe/wsdl/NfeConsultaDest"><retConsNFeDest xmlns="http://www.portalfiscal.inf.br/nfe" versao="1.01"><tpAmb>1</tpAmb><verAplic>1.1.0</verAplic><cStat>137</cStat><xMotivo>Nenhum documento localizado para o destinatario</xMotivo><dhResp>2014-03-14T14:27:09</dhResp><indCont>1</indCont><ultNSU>9380640232</ultNSU></retConsNFeDest></nfeConsultaNFDestResult></soap:Body></soap:Envelope></pesquisa><pesquisa num="78"><soap:Envelope xmlns:soap="http://www.w3.org/2003/05/soap-envelope" xmlns:xsi="http://www.w3.org/2001/XMLSchema-instance" xmlns:xsd="http://www.w3.org/2001/XMLSchema"><soap:Body><nfeConsultaNFDestResult xmlns="http://www.portalfiscal.inf.br/nfe/wsdl/NfeConsultaDest"><retConsNFeDest xmlns="http://www.portalfiscal.inf.br/nfe" versao="1.01"><tpAmb>1</tpAmb><verAplic>1.1.0</verAplic><cStat>137</cStat><xMotivo>Nenhum documento localizado para o destinatario</xMotivo><dhResp>2014-03-14T14:27:15</dhResp><indCont>1</indCont><ultNSU>9381140232</ultNSU></retConsNFeDest></nfeConsultaNFDestResult></soap:Body></soap:Envelope></pesquisa><pesquisa num="79"><soap:Envelope xmlns:soap="http://www.w3.org/2003/05/soap-envelope" xmlns:xsi="http://www.w3.org/2001/XMLSchema-instance" xmlns:xsd="http://www.w3.org/2001/XMLSchema"><soap:Body><nfeConsultaNFDestResult xmlns="http://www.portalfiscal.inf.br/nfe/wsdl/NfeConsultaDest"><retConsNFeDest xmlns="http://www.portalfiscal.inf.br/nfe" versao="1.01"><tpAmb>1</tpAmb><verAplic>1.1.0</verAplic><cStat>137</cStat><xMotivo>Nenhum documento localizado para o destinatario</xMotivo><dhResp>2014-03-14T14:27:20</dhResp><indCont>1</indCont><ultNSU>9381640232</ultNSU></retConsNFeDest></nfeConsultaNFDestResult></soap:Body></soap:Envelope></pesquisa><pesquisa num="80"><soap:Envelope xmlns:soap="http://www.w3.org/2003/05/soap-envelope" xmlns:xsi="http://www.w3.org/2001/XMLSchema-instance" xmlns:xsd="http://www.w3.org/2001/XMLSchema"><soap:Body><nfeConsultaNFDestResult xmlns="http://www.portalfiscal.inf.br/nfe/wsdl/NfeConsultaDest"><retConsNFeDest xmlns="http://www.portalfiscal.inf.br/nfe" versao="1.01"><tpAmb>1</tpAmb><verAplic>1.1.0</verAplic><cStat>138</cStat><xMotivo>Documento localizado para o destinatario</xMotivo><dhResp>2014-03-14T14:27:26</dhResp><indCont>1</indCont><ultNSU>9382140232</ultNSU><ret><resNFe NSU="9381990746"><chNFe>35140319091989000114550010000001461900000167</chNFe><CNPJ>19091989000114</CNPJ><xNome>ARTCOR ESTAMPARIA TRANSFER LTDA - EPP</xNome><IE>142920980117</IE><dEmi>2014-03-13</dEmi><tpNF>1</tpNF><vNF>1306.20</vNF><digVal>lW4KbCuSTcM9xVlJvKd7cpkRICQ=</digVal><dhRecbto>2014-03-13T11:04:07</dhRecbto><cSitNFe>1</cSitNFe><cSitConf>0</cSitConf></resNFe></ret><ret><resNFe NSU="9381991032"><chNFe>35140319091989000114550010000001471770004564</chNFe><CNPJ>19091989000114</CNPJ><xNome>ARTCOR ESTAMPARIA TRANSFER LTDA - EPP</xNome><IE>142920980117</IE><dEmi>2014-03-13</dEmi><tpNF>1</tpNF><vNF>16976.31</vNF><digVal>cMkXSTDpiwfHJ1JouG5L1TDj6B8=</digVal><dhRecbto>2014-03-13T11:04:08</dhRecbto><cSitNFe>1</cSitNFe><cSitConf>0</cSitConf></resNFe></ret></retConsNFeDest></nfeConsultaNFDestResult></soap:Body></soap:Envelope></pesquisa><pesquisa num="81"><soap:Envelope xmlns:soap="http://www.w3.org/2003/05/soap-envelope" xmlns:xsi="http://www.w3.org/2001/XMLSchema-instance" xmlns:xsd="http://www.w3.org/2001/XMLSchema"><soap:Body><nfeConsultaNFDestResult xmlns="http://www.portalfiscal.inf.br/nfe/wsdl/NfeConsultaDest"><retConsNFeDest xmlns="http://www.portalfiscal.inf.br/nfe" versao="1.01"><tpAmb>1</tpAmb><verAplic>1.1.0</verAplic><cStat>137</cStat><xMotivo>Nenhum documento localizado para o destinatario</xMotivo><dhResp>2014-03-14T14:27:31</dhResp><indCont>1</indCont><ultNSU>9382491032</ultNSU></retConsNFeDest></nfeConsultaNFDestResult></soap:Body></soap:Envelope></pesquisa><pesquisa num="82"><soap:Envelope xmlns:soap="http://www.w3.org/2003/05/soap-envelope" xmlns:xsi="http://www.w3.org/2001/XMLSchema-instance" xmlns:xsd="http://www.w3.org/2001/XMLSchema"><soap:Body><nfeConsultaNFDestResult xmlns="http://www.portalfiscal.inf.br/nfe/wsdl/NfeConsultaDest"><retConsNFeDest xmlns="http://www.portalfiscal.inf.br/nfe" versao="1.01"><tpAmb>1</tpAmb><verAplic>1.1.0</verAplic><cStat>138</cStat><xMotivo>Documento localizado para o destinatario</xMotivo><dhResp>2014-03-14T14:27:37</dhResp><indCont>1</indCont><ultNSU>9382991032</ultNSU><ret><resNFe NSU="9382740335"><chNFe>35140343651066000154550000000181981130444131</chNFe><CNPJ>43651066000154</CNPJ><xNome>SEIREN DO BRASIL INDUSTRIA TEXTIL LTDA</xNome><IE>669063034115</IE><dEmi>2014-03-13</dEmi><tpNF>1</tpNF><vNF>19867.79</vNF><digVal>w7N40WdiDOD6sQspJa51HNbTxp4=</digVal><dhRecbto>2014-03-13T13:03:08</dhRecbto><cSitNFe>1</cSitNFe><cSitConf>0</cSitConf></resNFe></ret><ret><resNFe NSU="9382743022"><chNFe>35140343651066000154550000000181991130444139</chNFe><CNPJ>43651066000154</CNPJ><xNome>SEIREN DO BRASIL INDUSTRIA TEXTIL LTDA</xNome><IE>669063034115</IE><dEmi>2014-03-13</dEmi><tpNF>1</tpNF><vNF>1697.41</vNF><digVal>QwRoUVeer+3bQZyfWwDdvK1dW1k=</digVal><dhRecbto>2014-03-13T13:03:10</dhRecbto><cSitNFe>1</cSitNFe><cSitConf>0</cSitConf></resNFe></ret><ret><resNFe NSU="9382744092"><chNFe>35140343651066000154550000000181971130443138</chNFe><CNPJ>43651066000154</CNPJ><xNome>SEIREN DO BRASIL INDUSTRIA TEXTIL LTDA</xNome><IE>669063034115</IE><dEmi>2014-03-13</dEmi><tpNF>1</tpNF><vNF>33500.22</vNF><digVal>+06n5AjyscdSonFW23A1UAtmbWA=</digVal><dhRecbto>2014-03-13T13:03:06</dhRecbto><cSitNFe>1</cSitNFe><cSitConf>0</cSitConf></resNFe></ret></retConsNFeDest></nfeConsultaNFDestResult></soap:Body></soap:Envelope></pesquisa><pesquisa num="83"><soap:Envelope xmlns:soap="http://www.w3.org/2003/05/soap-envelope" xmlns:xsi="http://www.w3.org/2001/XMLSchema-instance" xmlns:xsd="http://www.w3.org/2001/XMLSchema"><soap:Body><nfeConsultaNFDestResult xmlns="http://www.portalfiscal.inf.br/nfe/wsdl/NfeConsultaDest"><retConsNFeDest xmlns="http://www.portalfiscal.inf.br/nfe" versao="1.01"><tpAmb>1</tpAmb><verAplic>1.1.0</verAplic><cStat>137</cStat><xMotivo>Nenhum documento localizado para o destinatario</xMotivo><dhResp>2014-03-14T14:27:43</dhResp><indCont>1</indCont><ultNSU>9383244092</ultNSU></retConsNFeDest></nfeConsultaNFDestResult></soap:Body></soap:Envelope></pesquisa><pesquisa num="84"><soap:Envelope xmlns:soap="http://www.w3.org/2003/05/soap-envelope" xmlns:xsi="http://www.w3.org/2001/XMLSchema-instance" xmlns:xsd="http://www.w3.org/2001/XMLSchema"><soap:Body><nfeConsultaNFDestResult xmlns="http://www.portalfiscal.inf.br/nfe/wsdl/NfeConsultaDest"><retConsNFeDest xmlns="http://www.portalfiscal.inf.br/nfe" versao="1.01"><tpAmb>1</tpAmb><verAplic>1.1.0</verAplic><cStat>137</cStat><xMotivo>Nenhum documento localizado para o destinatario</xMotivo><dhResp>2014-03-14T14:27:48</dhResp><indCont>1</indCont><ultNSU>9383744092</ultNSU></retConsNFeDest></nfeConsultaNFDestResult></soap:Body></soap:Envelope></pesquisa><pesquisa num="85"><soap:Envelope xmlns:soap="http://www.w3.org/2003/05/soap-envelope" xmlns:xsi="http://www.w3.org/2001/XMLSchema-instance" xmlns:xsd="http://www.w3.org/2001/XMLSchema"><soap:Body><nfeConsultaNFDestResult xmlns="http://www.portalfiscal.inf.br/nfe/wsdl/NfeConsultaDest"><retConsNFeDest xmlns="http://www.portalfiscal.inf.br/nfe" versao="1.01"><tpAmb>1</tpAmb><verAplic>1.1.0</verAplic><cStat>137</cStat><xMotivo>Nenhum documento localizado para o destinatario</xMotivo><dhResp>2014-03-14T14:27:54</dhResp><indCont>1</indCont><ultNSU>9384244092</ultNSU></retConsNFeDest></nfeConsultaNFDestResult></soap:Body></soap:Envelope></pesquisa><pesquisa num="86"><soap:Envelope xmlns:soap="http://www.w3.org/2003/05/soap-envelope" xmlns:xsi="http://www.w3.org/2001/XMLSchema-instance" xmlns:xsd="http://www.w3.org/2001/XMLSchema"><soap:Body><nfeConsultaNFDestResult xmlns="http://www.portalfiscal.inf.br/nfe/wsdl/NfeConsultaDest"><retConsNFeDest xmlns="http://www.portalfiscal.inf.br/nfe" versao="1.01"><tpAmb>1</tpAmb><verAplic>1.1.0</verAplic><cStat>137</cStat><xMotivo>Nenhum documento localizado para o destinatario</xMotivo><dhResp>2014-03-14T14:27:59</dhResp><indCont>1</indCont><ultNSU>9384744092</ultNSU></retConsNFeDest></nfeConsultaNFDestResult></soap:Body></soap:Envelope></pesquisa><pesquisa num="87"><soap:Envelope xmlns:soap="http://www.w3.org/2003/05/soap-envelope" xmlns:xsi="http://www.w3.org/2001/XMLSchema-instance" xmlns:xsd="http://www.w3.org/2001/XMLSchema"><soap:Body><nfeConsultaNFDestResult xmlns="http://www.portalfiscal.inf.br/nfe/wsdl/NfeConsultaDest"><retConsNFeDest xmlns="http://www.portalfiscal.inf.br/nfe" versao="1.01"><tpAmb>1</tpAmb><verAplic>1.1.0</verAplic><cStat>137</cStat><xMotivo>Nenhum documento localizado para o destinatario</xMotivo><dhResp>2014-03-14T14:28:05</dhResp><indCont>1</indCont><ultNSU>9385244092</ultNSU></retConsNFeDest></nfeConsultaNFDestResult></soap:Body></soap:Envelope></pesquisa><pesquisa num="88"><soap:Envelope xmlns:soap="http://www.w3.org/2003/05/soap-envelope" xmlns:xsi="http://www.w3.org/2001/XMLSchema-instance" xmlns:xsd="http://www.w3.org/2001/XMLSchema"><soap:Body><nfeConsultaNFDestResult xmlns="http://www.portalfiscal.inf.br/nfe/wsdl/NfeConsultaDest"><retConsNFeDest xmlns="http://www.portalfiscal.inf.br/nfe" versao="1.01"><tpAmb>1</tpAmb><verAplic>1.1.0</verAplic><cStat>138</cStat><xMotivo>Documento localizado para o destinatario</xMotivo><dhResp>2014-03-14T14:28:10</dhResp><indCont>1</indCont><ultNSU>9385744092</ultNSU><ret><resNFe NSU="9385653110"><chNFe>35140315179682002324550010000781471338197144</chNFe><CNPJ>15179682002324</CNPJ><xNome>RHODIA POLIAMIDA E ESPECIALIDADES L</xNome><IE>392000706118</IE><dEmi>2014-03-13</dEmi><tpNF>1</tpNF><vNF>67565.85</vNF><digVal>I/6GZD63jWGvt0nfeG1V1CHnZEw=</digVal><dhRecbto>2014-03-13T17:10:48</dhRecbto><cSitNFe>1</cSitNFe><cSitConf>0</cSitConf></resNFe></ret></retConsNFeDest></nfeConsultaNFDestResult></soap:Body></soap:Envelope></pesquisa><pesquisa num="89"><soap:Envelope xmlns:soap="http://www.w3.org/2003/05/soap-envelope" xmlns:xsi="http://www.w3.org/2001/XMLSchema-instance" xmlns:xsd="http://www.w3.org/2001/XMLSchema"><soap:Body><nfeConsultaNFDestResult xmlns="http://www.portalfiscal.inf.br/nfe/wsdl/NfeConsultaDest"><retConsNFeDest xmlns="http://www.portalfiscal.inf.br/nfe" versao="1.01"><tpAmb>1</tpAmb><verAplic>1.1.0</verAplic><cStat>138</cStat><xMotivo>Documento localizado para o destinatario</xMotivo><dhResp>2014-03-14T14:28:16</dhResp><indCont>1</indCont><ultNSU>9386153110</ultNSU><ret><resNFe NSU="9386110212"><chNFe>35140305153032000140550010000051641000051644</chNFe><CNPJ>05153032000140</CNPJ><xNome>YARA ABUD PUTINI</xNome><IE>165314890116</IE><dEmi>2014-03-13</dEmi><tpNF>1</tpNF><vNF>3590.90</vNF><digVal>zcea+QC0/uaAi2ZHe7GqACIgxjs=</digVal><dhRecbto>2014-03-13T17:53:11</dhRecbto><cSitNFe>1</cSitNFe><cSitConf>0</cSitConf></resNFe></ret></retConsNFeDest></nfeConsultaNFDestResult></soap:Body></soap:Envelope></pesquisa><pesquisa num="90"><soap:Envelope xmlns:soap="http://www.w3.org/2003/05/soap-envelope" xmlns:xsi="http://www.w3.org/2001/XMLSchema-instance" xmlns:xsd="http://www.w3.org/2001/XMLSchema"><soap:Body><nfeConsultaNFDestResult xmlns="http://www.portalfiscal.inf.br/nfe/wsdl/NfeConsultaDest"><retConsNFeDest xmlns="http://www.portalfiscal.inf.br/nfe" versao="1.01"><tpAmb>1</tpAmb><verAplic>1.1.0</verAplic><cStat>138</cStat><xMotivo>Documento localizado para o destinatario</xMotivo><dhResp>2014-03-14T14:28:21</dhResp><indCont>1</indCont><ultNSU>9386610212</ultNSU><ret><resNFe NSU="9386201926"><chNFe>35140305417460000133550010000000461002300066</chNFe><CNPJ>05417460000133</CNPJ><xNome>SOARES TOZZI SERIGRAFIA TECNICA LTDA ME</xNome><IE>149727563119</IE><dEmi>2014-03-13</dEmi><tpNF>1</tpNF><vNF>587.40</vNF><digVal>8HNmscqB+BeRcp71iiPibXQ3Qb0=</digVal><dhRecbto>2014-03-13T18:00:53</dhRecbto><cSitNFe>1</cSitNFe><cSitConf>0</cSitConf></resNFe></ret></retConsNFeDest></nfeConsultaNFDestResult></soap:Body></soap:Envelope></pesquisa><pesquisa num="91"><soap:Envelope xmlns:soap="http://www.w3.org/2003/05/soap-envelope" xmlns:xsi="http://www.w3.org/2001/XMLSchema-instance" xmlns:xsd="http://www.w3.org/2001/XMLSchema"><soap:Body><nfeConsultaNFDestResult xmlns="http://www.portalfiscal.inf.br/nfe/wsdl/NfeConsultaDest"><retConsNFeDest xmlns="http://www.portalfiscal.inf.br/nfe" versao="1.01"><tpAmb>1</tpAmb><verAplic>1.1.0</verAplic><cStat>137</cStat><xMotivo>Nenhum documento localizado para o destinatario</xMotivo><dhResp>2014-03-14T14:28:27</dhResp><indCont>1</indCont><ultNSU>9386701926</ultNSU></retConsNFeDest></nfeConsultaNFDestResult></soap:Body></soap:Envelope></pesquisa><pesquisa num="92"><soap:Envelope xmlns:soap="http://www.w3.org/2003/05/soap-envelope" xmlns:xsi="http://www.w3.org/2001/XMLSchema-instance" xmlns:xsd="http://www.w3.org/2001/XMLSchema"><soap:Body><nfeConsultaNFDestResult xmlns="http://www.portalfiscal.inf.br/nfe/wsdl/NfeConsultaDest"><retConsNFeDest xmlns="http://www.portalfiscal.inf.br/nfe" versao="1.01"><tpAmb>1</tpAmb><verAplic>1.1.0</verAplic><cStat>137</cStat><xMotivo>Nenhum documento localizado para o destinatario</xMotivo><dhResp>2014-03-14T14:28:32</dhResp><indCont>1</indCont><ultNSU>9387201926</ultNSU></retConsNFeDest></nfeConsultaNFDestResult></soap:Body></soap:Envelope></pesquisa><pesquisa num="93"><soap:Envelope xmlns:soap="http://www.w3.org/2003/05/soap-envelope" xmlns:xsi="http://www.w3.org/2001/XMLSchema-instance" xmlns:xsd="http://www.w3.org/2001/XMLSchema"><soap:Body><nfeConsultaNFDestResult xmlns="http://www.portalfiscal.inf.br/nfe/wsdl/NfeConsultaDest"><retConsNFeDest xmlns="http://www.portalfiscal.inf.br/nfe" versao="1.01"><tpAmb>1</tpAmb><verAplic>1.1.0</verAplic><cStat>137</cStat><xMotivo>Nenhum documento localizado para o destinatario</xMotivo><dhResp>2014-03-14T14:28:38</dhResp><indCont>1</indCont><ultNSU>9387701926</ultNSU></retConsNFeDest></nfeConsultaNFDestResult></soap:Body></soap:Envelope></pesquisa><pesquisa num="94"><soap:Envelope xmlns:soap="http://www.w3.org/2003/05/soap-envelope" xmlns:xsi="http://www.w3.org/2001/XMLSchema-instance" xmlns:xsd="http://www.w3.org/2001/XMLSchema"><soap:Body><nfeConsultaNFDestResult xmlns="http://www.portalfiscal.inf.br/nfe/wsdl/NfeConsultaDest"><retConsNFeDest xmlns="http://www.portalfiscal.inf.br/nfe" versao="1.01"><tpAmb>1</tpAmb><verAplic>1.1.0</verAplic><cStat>137</cStat><xMotivo>Nenhum documento localizado para o destinatario</xMotivo><dhResp>2014-03-14T14:28:43</dhResp><indCont>1</indCont><ultNSU>9388201926</ultNSU></retConsNFeDest></nfeConsultaNFDestResult></soap:Body></soap:Envelope></pesquisa><pesquisa num="95"><soap:Envelope xmlns:soap="http://www.w3.org/2003/05/soap-envelope" xmlns:xsi="http://www.w3.org/2001/XMLSchema-instance" xmlns:xsd="http://www.w3.org/2001/XMLSchema"><soap:Body><nfeConsultaNFDestResult xmlns="http://www.portalfiscal.inf.br/nfe/wsdl/NfeConsultaDest"><retConsNFeDest xmlns="http://www.portalfiscal.inf.br/nfe" versao="1.01"><tpAmb>1</tpAmb><verAplic>1.1.0</verAplic><cStat>138</cStat><xMotivo>Documento localizado para o destinatario</xMotivo><dhResp>2014-03-14T14:28:48</dhResp><indCont>1</indCont><ultNSU>9388701926</ultNSU><ret><resNFe NSU="9388664864"><chNFe>50140303681757000186550000000890941090600003</chNFe><CNPJ>03681757000186</CNPJ><xNome>AVANTI IND COM IMP E EXP LTDA</xNome><IE>283131004</IE><dEmi>2014-03-13</dEmi><tpNF>1</tpNF><vNF>1674.00</vNF><digVal>h0t1scffdWUHN2r7xIHDGqSgPcw=</digVal><dhRecbto>2014-03-13T21:32:52</dhRecbto><cSitNFe>1</cSitNFe><cSitConf>0</cSitConf></resNFe></ret><ret><resNFe NSU="9388665796"><chNFe>50140303681757000186550000000891011009000841</chNFe><CNPJ>03681757000186</CNPJ><xNome>AVANTI IND COM IMP E EXP LTDA</xNome><IE>283131004</IE><dEmi>2014-03-13</dEmi><tpNF>1</tpNF><vNF>7812.00</vNF><digVal>+H0X1XwNFQykoZEVNUUk4mrceao=</digVal><dhRecbto>2014-03-13T21:33:00</dhRecbto><cSitNFe>1</cSitNFe><cSitConf>0</cSitConf></resNFe></ret></retConsNFeDest></nfeConsultaNFDestResult></soap:Body></soap:Envelope></pesquisa><pesquisa num="96"><soap:Envelope xmlns:soap="http://www.w3.org/2003/05/soap-envelope" xmlns:xsi="http://www.w3.org/2001/XMLSchema-instance" xmlns:xsd="http://www.w3.org/2001/XMLSchema"><soap:Body><nfeConsultaNFDestResult xmlns="http://www.portalfiscal.inf.br/nfe/wsdl/NfeConsultaDest"><retConsNFeDest xmlns="http://www.portalfiscal.inf.br/nfe" versao="1.01"><tpAmb>1</tpAmb><verAplic>1.1.0</verAplic><cStat>137</cStat><xMotivo>Nenhum documento localizado para o destinatario</xMotivo><dhResp>2014-03-14T14:28:53</dhResp><indCont>1</indCont><ultNSU>9389165796</ultNSU></retConsNFeDest></nfeConsultaNFDestResult></soap:Body></soap:Envelope></pesquisa><pesquisa num="97"><soap:Envelope xmlns:soap="http://www.w3.org/2003/05/soap-envelope" xmlns:xsi="http://www.w3.org/2001/XMLSchema-instance" xmlns:xsd="http://www.w3.org/2001/XMLSchema"><soap:Body><nfeConsultaNFDestResult xmlns="http://www.portalfiscal.inf.br/nfe/wsdl/NfeConsultaDest"><retConsNFeDest xmlns="http://www.portalfiscal.inf.br/nfe" versao="1.01"><tpAmb>1</tpAmb><verAplic>1.1.0</verAplic><cStat>137</cStat><xMotivo>Nenhum documento localizado para o destinatario</xMotivo><dhResp>2014-03-14T14:28:59</dhResp><indCont>1</indCont><ultNSU>9389665796</ultNSU></retConsNFeDest></nfeConsultaNFDestResult></soap:Body></soap:Envelope></pesquisa><pesquisa num="98"><soap:Envelope xmlns:soap="http://www.w3.org/2003/05/soap-envelope" xmlns:xsi="http://www.w3.org/2001/XMLSchema-instance" xmlns:xsd="http://www.w3.org/2001/XMLSchema"><soap:Body><nfeConsultaNFDestResult xmlns="http://www.portalfiscal.inf.br/nfe/wsdl/NfeConsultaDest"><retConsNFeDest xmlns="http://www.portalfiscal.inf.br/nfe" versao="1.01"><tpAmb>1</tpAmb><verAplic>1.1.0</verAplic><cStat>137</cStat><xMotivo>Nenhum documento localizado para o destinatario</xMotivo><dhResp>2014-03-14T14:29:04</dhResp><indCont>1</indCont><ultNSU>9390165796</ultNSU></retConsNFeDest></nfeConsultaNFDestResult></soap:Body></soap:Envelope></pesquisa><pesquisa num="99"><soap:Envelope xmlns:soap="http://www.w3.org/2003/05/soap-envelope" xmlns:xsi="http://www.w3.org/2001/XMLSchema-instance" xmlns:xsd="http://www.w3.org/2001/XMLSchema"><soap:Body><nfeConsultaNFDestResult xmlns="http://www.portalfiscal.inf.br/nfe/wsdl/NfeConsultaDest"><retConsNFeDest xmlns="http://www.portalfiscal.inf.br/nfe" versao="1.01"><tpAmb>1</tpAmb><verAplic>1.1.0</verAplic><cStat>137</cStat><xMotivo>Nenhum documento localizado para o destinatario</xMotivo><dhResp>2014-03-14T14:29:09</dhResp><indCont>1</indCont><ultNSU>9390665796</ultNSU></retConsNFeDest></nfeConsultaNFDestResult></soap:Body></soap:Envelope></pesquisa><pesquisa num="100"><soap:Envelope xmlns:soap="http://www.w3.org/2003/05/soap-envelope" xmlns:xsi="http://www.w3.org/2001/XMLSchema-instance" xmlns:xsd="http://www.w3.org/2001/XMLSchema"><soap:Body><nfeConsultaNFDestResult xmlns="http://www.portalfiscal.inf.br/nfe/wsdl/NfeConsultaDest"><retConsNFeDest xmlns="http://www.portalfiscal.inf.br/nfe" versao="1.01"><tpAmb>1</tpAmb><verAplic>1.1.0</verAplic><cStat>137</cStat><xMotivo>Nenhum documento localizado para o destinatario</xMotivo><dhResp>2014-03-14T14:29:15</dhResp><indCont>1</indCont><ultNSU>9391165796</ultNSU></retConsNFeDest></nfeConsultaNFDestResult></soap:Body></soap:Envelope></pesquisa><pesquisa num="101"><soap:Envelope xmlns:soap="http://www.w3.org/2003/05/soap-envelope" xmlns:xsi="http://www.w3.org/2001/XMLSchema-instance" xmlns:xsd="http://www.w3.org/2001/XMLSchema"><soap:Body><nfeConsultaNFDestResult xmlns="http://www.portalfiscal.inf.br/nfe/wsdl/NfeConsultaDest"><retConsNFeDest xmlns="http://www.portalfiscal.inf.br/nfe" versao="1.01"><tpAmb>1</tpAmb><verAplic>1.1.0</verAplic><cStat>138</cStat><xMotivo>Documento localizado para o destinatario</xMotivo><dhResp>2014-03-14T14:29:20</dhResp><indCont>1</indCont><ultNSU>9391665796</ultNSU><ret><resNFe NSU="9391419067"><chNFe>41140303129424000149550020000375481000500470</chNFe><CNPJ>03129424000149</CNPJ><xNome>Antex Ltda.</xNome><IE>9020270419</IE><dEmi>2014-03-13</dEmi><tpNF>1</tpNF><vNF>1341.11</vNF><digVal>qNRdqEXxyDOHj1ckl45Q7QYJMFQ=</digVal><dhRecbto>2014-03-13T18:21:32</dhRecbto><cSitNFe>1</cSitNFe><cSitConf>0</cSitConf></resNFe></ret></retConsNFeDest></nfeConsultaNFDestResult></soap:Body></soap:Envelope></pesquisa><pesquisa num="102"><soap:Envelope xmlns:soap="http://www.w3.org/2003/05/soap-envelope" xmlns:xsi="http://www.w3.org/2001/XMLSchema-instance" xmlns:xsd="http://www.w3.org/2001/XMLSchema"><soap:Body><nfeConsultaNFDestResult xmlns="http://www.portalfiscal.inf.br/nfe/wsdl/NfeConsultaDest"><retConsNFeDest xmlns="http://www.portalfiscal.inf.br/nfe" versao="1.01"><tpAmb>1</tpAmb><verAplic>1.1.0</verAplic><cStat>138</cStat><xMotivo>Documento localizado para o destinatario</xMotivo><dhResp>2014-03-14T14:29:25</dhResp><indCont>1</indCont><ultNSU>9391919067</ultNSU><ret><resNFe NSU="9391726252"><chNFe>42140381786121000102550010001799941331687332</chNFe><CNPJ>81786121000102</CNPJ><xNome>DASS SUL CALCADOS E ARTIGOS ESPORTIVOS LTDA</xNome><IE>251969584</IE><dEmi>2014-03-14</dEmi><tpNF>1</tpNF><vNF>1462.58</vNF><digVal>gSO9cfbtvAKarJwf2iGaWdtDhUQ=</digVal><dhRecbto>2014-03-14T09:21:01</dhRecbto><cSitNFe>1</cSitNFe><cSitConf>0</cSitConf></resNFe></ret><ret><resNFe NSU="9391726361"><chNFe>42140381786121000102550010001799951331687372</chNFe><CNPJ>81786121000102</CNPJ><xNome>DASS SUL CALCADOS E ARTIGOS ESPORTIVOS LTDA</xNome><IE>251969584</IE><dEmi>2014-03-14</dEmi><tpNF>1</tpNF><vNF>830.35</vNF><digVal>PN6oS2xAOj5jfgjABeHm9pi4ZhY=</digVal><dhRecbto>2014-03-14T09:21:01</dhRecbto><cSitNFe>1</cSitNFe><cSitConf>0</cSitConf></resNFe></ret></retConsNFeDest></nfeConsultaNFDestResult></soap:Body></soap:Envelope></pesquisa><pesquisa num="103"><soap:Envelope xmlns:soap="http://www.w3.org/2003/05/soap-envelope" xmlns:xsi="http://www.w3.org/2001/XMLSchema-instance" xmlns:xsd="http://www.w3.org/2001/XMLSchema"><soap:Body><nfeConsultaNFDestResult xmlns="http://www.portalfiscal.inf.br/nfe/wsdl/NfeConsultaDest"><retConsNFeDest xmlns="http://www.portalfiscal.inf.br/nfe" versao="1.01"><tpAmb>1</tpAmb><verAplic>1.1.0</verAplic><cStat>137</cStat><xMotivo>Nenhum documento localizado para o destinatario</xMotivo><dhResp>2014-03-14T14:29:33</dhResp><indCont>1</indCont><ultNSU>9392226361</ultNSU></retConsNFeDest></nfeConsultaNFDestResult></soap:Body></soap:Envelope></pesquisa><pesquisa num="104"><soap:Envelope xmlns:soap="http://www.w3.org/2003/05/soap-envelope" xmlns:xsi="http://www.w3.org/2001/XMLSchema-instance" xmlns:xsd="http://www.w3.org/2001/XMLSchema"><soap:Body><nfeConsultaNFDestResult xmlns="http://www.portalfiscal.inf.br/nfe/wsdl/NfeConsultaDest"><retConsNFeDest xmlns="http://www.portalfiscal.inf.br/nfe" versao="1.01"><tpAmb>1</tpAmb><verAplic>1.1.0</verAplic><cStat>137</cStat><xMotivo>Nenhum documento localizado para o destinatario</xMotivo><dhResp>2014-03-14T14:29:41</dhResp><indCont>1</indCont><ultNSU>9392726361</ultNSU></retConsNFeDest></nfeConsultaNFDestResult></soap:Body></soap:Envelope></pesquisa><pesquisa num="105"><soap:Envelope xmlns:soap="http://www.w3.org/2003/05/soap-envelope" xmlns:xsi="http://www.w3.org/2001/XMLSchema-instance" xmlns:xsd="http://www.w3.org/2001/XMLSchema"><soap:Body><nfeConsultaNFDestResult xmlns="http://www.portalfiscal.inf.br/nfe/wsdl/NfeConsultaDest"><retConsNFeDest xmlns="http://www.portalfiscal.inf.br/nfe" versao="1.01"><tpAmb>1</tpAmb><verAplic>1.1.0</verAplic><cStat>138</cStat><xMotivo>Documento localizado para o destinatario</xMotivo><dhResp>2014-03-14T14:29:47</dhResp><indCont>1</indCont><ultNSU>9393226361</ultNSU><ret><resCCe NSU="9392936784"><chNFe>50140303681757000186550000000890941090600003</chNFe><dhEvento>2014-03-14T10:06:34-03:00</dhEvento><tpEvento>110110</tpEvento><nSeqEvento>1</nSeqEvento><descEvento>Carta de Correcao</descEvento><xCorrecao>IRREGULARIDADE: Dados Adicionais / Informações complementares de interesse do contribuinte. CONSIDERAR: Icms s/Transp Retido pelo Remetente BC R$: 12,66 Vr Icms R$: 1,52.</xCorrecao><tpNF>1</tpNF><dhRecbto>2014-03-13T21:32:52</dhRecbto></resCCe></ret><ret><resCCe NSU="9392946332"><chNFe>50140303681757000186550000000891011009000841</chNFe><dhEvento>2014-03-14T10:07:19-03:00</dhEvento><tpEvento>110110</tpEvento><nSeqEvento>1</nSeqEvento><descEvento>Carta de Correcao</descEvento><xCorrecao>IRREGULARIDADE: Dados Adicionais / Informações complementares de interesse do contribuinte. CONSIDERAR: Icms s/Transp Retido pelo Remetente BC R$: 59,08 Vr Icms R$: 7,09.</xCorrecao><tpNF>1</tpNF><dhRecbto>2014-03-13T21:33:00</dhRecbto></resCCe></ret></retConsNFeDest></nfeConsultaNFDestResult></soap:Body></soap:Envelope></pesquisa><pesquisa num="106"><soap:Envelope xmlns:soap="http://www.w3.org/2003/05/soap-envelope" xmlns:xsi="http://www.w3.org/2001/XMLSchema-instance" xmlns:xsd="http://www.w3.org/2001/XMLSchema"><soap:Body><nfeConsultaNFDestResult xmlns="http://www.portalfiscal.inf.br/nfe/wsdl/NfeConsultaDest"><retConsNFeDest xmlns="http://www.portalfiscal.inf.br/nfe" versao="1.01"><tpAmb>1</tpAmb><verAplic>1.1.0</verAplic><cStat>137</cStat><xMotivo>Nenhum documento localizado para o destinatario</xMotivo><dhResp>2014-03-14T14:29:54</dhResp><indCont>1</indCont><ultNSU>9393726361</ultNSU></retConsNFeDest></nfeConsultaNFDestResult></soap:Body></soap:Envelope></pesquisa><pesquisa num="107"><soap:Envelope xmlns:soap="http://www.w3.org/2003/05/soap-envelope" xmlns:xsi="http://www.w3.org/2001/XMLSchema-instance" xmlns:xsd="http://www.w3.org/2001/XMLSchema"><soap:Body><nfeConsultaNFDestResult xmlns="http://www.portalfiscal.inf.br/nfe/wsdl/NfeConsultaDest"><retConsNFeDest xmlns="http://www.portalfiscal.inf.br/nfe" versao="1.01"><tpAmb>1</tpAmb><verAplic>1.1.0</verAplic><cStat>138</cStat><xMotivo>Documento localizado para o destinatario</xMotivo><dhResp>2014-03-14T14:30:02</dhResp><indCont>1</indCont><ultNSU>9394226361</ultNSU><ret><resNFe NSU="9394115289"><chNFe>35140343651066000154550000000182351131210148</chNFe><CNPJ>43651066000154</CNPJ><xNome>SEIREN DO BRASIL INDUSTRIA TEXTIL LTDA</xNome><IE>669063034115</IE><dEmi>2014-03-14</dEmi><tpNF>1</tpNF><vNF>12408.64</vNF><digVal>U7XiUqryNrKrqaM3qDw1SNoZ2uA=</digVal><dhRecbto>2014-03-14T13:10:32</dhRecbto><cSitNFe>1</cSitNFe><cSitConf>0</cSitConf></resNFe></ret><ret><resNFe NSU="9394115477"><chNFe>35140343651066000154550000000182361131211141</chNFe><CNPJ>43651066000154</CNPJ><xNome>SEIREN DO BRASIL INDUSTRIA TEXTIL LTDA</xNome><IE>669063034115</IE><dEmi>2014-03-14</dEmi><tpNF>1</tpNF><vNF>18243.48</vNF><digVal>Ct/fX9kHI4aHBiNMknA0j8oND5c=</digVal><dhRecbto>2014-03-14T13:10:35</dhRecbto><cSitNFe>1</cSitNFe><cSitConf>0</cSitConf></resNFe></ret></retConsNFeDest></nfeConsultaNFDestResult></soap:Body></soap:Envelope></pesquisa><pesquisa num="108"><soap:Envelope xmlns:soap="http://www.w3.org/2003/05/soap-envelope" xmlns:xsi="http://www.w3.org/2001/XMLSchema-instance" xmlns:xsd="http://www.w3.org/2001/XMLSchema"><soap:Body><nfeConsultaNFDestResult xmlns="http://www.portalfiscal.inf.br/nfe/wsdl/NfeConsultaDest"><retConsNFeDest xmlns="http://www.portalfiscal.inf.br/nfe" versao="1.01"><tpAmb>1</tpAmb><verAplic>1.1.0</verAplic><cStat>137</cStat><xMotivo>Nenhum documento localizado para o destinatario</xMotivo><dhResp>2014-03-14T14:30:08</dhResp><indCont>1</indCont><ultNSU>9394615477</ultNSU></retConsNFeDest></nfeConsultaNFDestResult></soap:Body></soap:Envelope></pesquisa><pesquisa num="109"><soap:Envelope xmlns:soap="http://www.w3.org/2003/05/soap-envelope" xmlns:xsi="http://www.w3.org/2001/XMLSchema-instance" xmlns:xsd="http://www.w3.org/2001/XMLSchema"><soap:Body><nfeConsultaNFDestResult xmlns="http://www.portalfiscal.inf.br/nfe/wsdl/NfeConsultaDest"><retConsNFeDest xmlns="http://www.portalfiscal.inf.br/nfe" versao="1.01"><tpAmb>1</tpAmb><verAplic>1.1.0</verAplic><cStat>137</cStat><xMotivo>Nenhum documento localizado para o destinatario</xMotivo><dhResp>2014-03-14T14:30:14</dhResp><indCont>0</indCont><ultNSU>9394977773</ultNSU></retConsNFeDest></nfeConsultaNFDestResult></soap:Body></soap:Envelope></pesquisa></root>