<?xml version="1.0" encoding="utf-8"?>
<WS xmlns:xsi="http://www.w3.org/2001/XMLSchema-instance" >
<UF>
    <sigla>RS</sigla>
    <homologacao>
        <MDFeRecepcao method='mdfeRecepcaoLote' operation='MDFeRecepcao' version = '1.00'>https://mdfe-hml.sefaz.rs.gov.br/ws/MDFerecepcao/MDFeRecepcao.asmx</MDFeRecepcao>
        <MDFeRetRecepcao method='mdfeRetRecepcao' operation='MDFeRetRecepcao' version = '1.00'>https://mdfe-hml.sefaz.rs.gov.br/ws/MDFeRetRecepcao/MDFeRetRecepcao.asmx</MDFeRetRecepcao>
        <MDFeRecepcaoEvento method='mdfeRecepcaoEvento' operation='MDFeRecepcaoEvento' version = '1.00'>https://mdfe-hml.sefaz.rs.gov.br/ws/MDFeRecepcaoEvento/MDFeRecepcaoEvento.asmx</MDFeRecepcaoEvento>
        <MDFeConsultaSituacao method='mdfeConsultaMDF' operation='MDFeConsultaSituacao' version = '1.00'>https://mdfe-hml.sefaz.rs.gov.br/ws/MDFeConsultaSit/MDFeConsultaSit.asmx</MDFeConsultaSituacao>
        <MDFeStatusServico method='mdfeStatusServicoMDF' operation='MDFeStatusServico' version = '1.00'>https://mdfe-hml.sefaz.rs.gov.br/ws/MDFeStatusServico/MDFeStatusServico.asmx</MDFeStatusServico>
        <MDFeConsNaoEnc method='mdfeConsNaoEnc' operation='MDFeConsNaoEnc' version = '1.0'>https://mdfe-hml.sefaz.rs.gov.br/ws/MDFeConsNaoEnc/MDFeConsNaoEnc.asmx</MDFeConsNaoEnc>
    </homologacao>
    <producao>
        <MDFeRecepcao method='mdfeRecepcaoLote' operation='MDFeRecepcao' version='1.00'>https://mdfe.sefaz.rs.gov.br/ws/MDFerecepcao/MDFeRecepcao.asmx</MDFeRecepcao>
        <MDFeRetRecepcao method='mdfeRetRecepcao' operation='MDFeRetRecepcao' version='1.00'>https://mdfe.sefaz.rs.gov.br/ws/MDFeRetRecepcao/MDFeRetRecepcao.asmx</MDFeRetRecepcao>
        <MDFeRecepcaoEvento method='mdfeRecepcaoEvento' operation='MDFeRecepcaoEvento' version='1.00'>https://mdfe.sefaz.rs.gov.br/ws/MDFeRecepcaoEvento/MDFeRecepcaoEvento.asmx</MDFeRecepcaoEvento>
        <MDFeConsultaSituacao method='mdfeConsultaMDF' operation='MDFeConsultaSituacao' version='1.00'>https://mdfe.sefaz.rs.gov.br/ws/MDFeConsultaSit/MDFeConsultaSit.asmx</MDFeConsultaSituacao>
        <MDFeStatusServico method='mdfeStatusServicoMDF' operation='MDFeStatusServico' version='1.00'>https://mdfe.sefaz.rs.gov.br/ws/MDFeStatusServico/MDFeStatusServico.asmx</MDFeStatusServico>
        <MDFeConsNaoEnc method='mdfeConsNaoEnc' operation='MDFeConsNaoEnc' version = '1.0'>https://mdfe.sefaz.rs.gov.br/ws/MDFeConsNaoEnc/MDFeConsNaoEnc.asmx</MDFeConsNaoEnc>
    </producao>
</UF>
</WS>